,Ciudad,Fecha,Fecha (UNIX),Presión atmosférica,Presión Atm. sobre Nvl. del mar,Media de la vel. del viento (m/s),Vel. ráfaga de viento max.,Máx. vel. del viento /2min,Momento (UNIX) de la vel. máx. del veinto,Media de la dirección del viento,Media de la temperatura,Temperatura máxima,Temperatura mínima,Momento temperatura máxima (UNIX),Momento temperatura mínima (UNIX),Media humedad,Media punto de rocío,Media de % de nubes en la zona,Acumulación de precipitaciones (l/m2),Acumulación de precipitaciones (l/m2) (NASA),Acumulación de nieve (l/m2),Profundidad de la neive,Media de radiación solar (W/m2),Total de radiación solar (W/m2),Media de la radiación solar horizontal,Total de la radiación solar horizontal,Máximo de la radiación solar horizontal,Media de la radiación solar concentrada,Total de la radiación solar concentrada,Máximo de la radiación solar concentrada,Media de la radiación solar horizontal difusa,Total de la radiación solar horizontal difusa,Máximo de la radiación solar horizontal difusa,Índice máximo de rayos ultravioleta
0,Ushuaia,2021-11-15,1636945200,998,1005,10.2,18.0,13.2,1636999200,228,5.5,9.1,2.8,1637010000,1636970400,67,-0.3,63,4.0,4.0,19.0,28,267,6414,327,7853,863,479,11496,931,59,1420,121,4.5
1,Ushuaia,2021-11-16,1637031600,992,998,7.5,22.0,15.8,1637114400,269,8.4,12.0,6.0,1637092800,1637049600,57,0.1,63,7.0,7.0,0.0,15,110,2649,330,7909,867,481,11555,932,59,1427,121,2.4
2,Ushuaia,2021-11-17,1637118000,987,994,10.3,25.7,14.5,1637118000,231,4.4,6.0,2.0,1637118000,1637190000,81,1.5,66,7.0,7.0,0.0,13,256,6145,332,7964,870,484,11612,934,60,1434,121,5.4
3,Ushuaia,2021-11-18,1637204400,993,1000,9.5,21.3,15.4,1637233200,217,6.3,9.2,2.5,1637254800,1637208000,70,1.1,61,2.0,2.0,0.0,7,156,3740,334,8018,874,486,11667,935,60,1441,122,3.0
4,Ushuaia,2021-11-19,1637290800,982,989,12.6,24.9,17.4,1637352000,239,7.8,10.8,4.8,1637337600,1637373600,68,2.1,52,3.0,3.0,0.0,2,285,6835,336,8070,877,488,11721,936,60,1448,122,5.2
5,Ushuaia,2021-11-20,1637377200,980,987,12.2,27.6,18.3,1637420400,231,3.4,6.7,0.7,1637420400,1637456400,76,-0.5,81,1.0,1.0,7.0,9,281,6755,338,8122,880,490,11772,937,61,1454,122,4.7
6,Ushuaia,2021-11-21,1637463600,990,997,11.7,23.8,16.8,1637485200,230,2.9,5.4,0.9,1637521200,1637463600,78,-0.6,69,0.0,0.0,0.0,11,196,4711,340,8171,883,493,11821,938,61,1460,122,3.4
7,Ushuaia,2021-11-22,1637550000,996,1003,10.9,22.8,14.7,1637600400,232,2.5,5.6,-0.2,1637611200,1637575200,79,-0.9,77,3.0,3.0,11.0,22,277,6647,343,8220,886,495,11869,939,61,1466,122,4.5
8,Ushuaia,2021-11-23,1637636400,988,995,4.9,13.6,8.7,1637676000,253,5.2,7.5,1.8,1637683200,1637658000,72,0.4,80,3.0,3.0,0.0,16,110,2641,344,8267,889,496,11914,940,61,1472,123,2.5
9,Ushuaia,2021-11-24,1637722800,989,995,6.8,14.7,11.4,1637780400,259,7.5,10.0,5.2,1637776800,1637744400,70,2.3,56,2.0,2.0,0.0,4,299,7187,346,8313,892,498,11958,941,62,1477,123,5.8
10,Ushuaia,2021-11-25,1637809200,991,998,5.1,16.2,12.4,1637874000,240,6.8,10.0,4.4,1637866800,1637823600,72,1.9,54,3.0,3.0,0.0,1,225,5398,348,8358,894,500,11999,942,62,1482,123,5.1
11,Ushuaia,2021-11-26,1637895600,995,1002,6.5,19.6,13.4,1637971200,289,7.4,11.4,2.4,1637949600,1637913600,61,0.0,54,1.0,1.0,0.0,0,118,2839,350,8400,897,502,12040,943,62,1487,123,2.6
12,Ushuaia,2021-11-27,1637982000,998,1005,4.5,18.4,8.0,1638010800,264,8.7,13.2,4.7,1638039600,1637992800,57,0.1,51,1.0,1.0,0.0,0,184,4410,352,8442,899,503,12078,944,62,1492,123,3.6
13,Ushuaia,2021-11-28,1638068400,981,988,7.8,24.2,13.5,1638126000,264,9.3,13.0,4.0,1638108000,1638151200,61,1.9,56,5.0,5.0,0.0,0,292,7017,353,8482,902,505,12114,945,62,1497,123,5.7
14,Ushuaia,2021-11-29,1638154800,985,992,8.8,24.0,13.5,1638201600,237,6.0,8.1,4.1,1638223200,1638176400,70,0.8,61,1.5,1.5,0.0,0,325,7797,355,8520,904,506,12149,946,63,1501,123,5.1
15,Ushuaia,2021-11-30,1638241200,990,997,5.6,17.6,11.1,1638241200,242,10.7,16.6,5.6,1638302400,1638259200,58,1.9,63,0.5,0.5,0.0,0,150,3605,357,8557,906,508,12182,946,63,1506,124,3.2
16,Ushuaia,2021-12-01,1638327600,988,995,7.4,13.6,10.2,1638385200,255,10.3,12.7,6.6,1638327600,1638410400,56,1.5,54,0.0,0.0,0.0,0,291,6989,358,8593,908,509,12214,947,63,1511,124,6.8
17,Ushuaia,2021-12-02,1638414000,998,1005,6.5,15.6,12.0,1638486000,225,8.3,11.3,3.8,1638453600,1638428400,67,2.4,46,0.0,0.0,0.0,0,208,4991,359,8627,910,510,12244,948,63,1516,124,4.2
18,Ushuaia,2021-12-03,1638500400,997,1004,5.7,20.4,10.0,1638579600,264,11.1,15.6,7.6,1638554400,1638522000,51,1.1,64,0.0,0.0,0.0,0,212,5082,361,8659,912,511,12274,948,63,1520,124,4.6
19,Ushuaia,2021-12-04,1638586800,995,1002,6.8,16.8,11.4,1638669600,231,11.5,17.0,7.6,1638640800,1638604800,45,-0.3,36,0.0,0.0,0.0,0,340,8151,362,8690,914,513,12302,949,64,1524,124,5.6
20,Ushuaia,2021-12-05,1638673200,1000,1007,8.7,22.0,12.9,1638734400,224,7.9,9.5,6.0,1638741600,1638702000,68,2.2,58,2.0,2.0,0.0,0,342,8218,363,8719,915,514,12329,950,64,1528,124,5.9
21,Ushuaia,2021-12-06,1638759600,995,1002,6.5,19.2,10.6,1638806400,246,8.7,14.8,3.8,1638824400,1638777600,62,1.6,75,10.5,10.5,3.0,3,89,2143,364,8747,917,515,12354,950,64,1532,124,2.6
22,Ushuaia,2021-12-07,1638846000,995,1002,10.5,22.8,14.4,1638882000,229,7.2,8.6,5.4,1638849600,1638903600,63,0.6,55,1.0,1.0,0.0,1,309,7410,366,8773,918,516,12378,951,64,1535,124,4.6
23,Ushuaia,2021-12-08,1638932400,1012,1019,4.8,16.8,10.7,1639000800,292,9.6,14.9,3.6,1639004400,1638946800,50,-0.9,52,0.0,0.0,0.0,0,113,2720,367,8797,920,517,12400,951,64,1538,125,2.7
24,Ushuaia,2021-12-09,1639018800,1001,1008,8.3,15.6,12.0,1639076400,244,14.4,17.5,10.1,1639047600,1639101600,47,3.2,45,0.0,0.0,0.0,0,361,8672,367,8820,921,518,12421,952,64,1541,125,7.6
25,Ushuaia,2021-12-10,1639105200,1003,1010,3.6,9.4,7.9,1639173600,177,9.7,13.4,6.7,1639155600,1639119600,74,5.1,57,3.5,3.5,0.0,0,186,4470,368,8840,922,518,12440,952,64,1544,125,4.0
26,Ushuaia,2021-12-11,1639191600,996,1003,3.0,7.8,6.7,1639191600,138,12.2,17.5,7.0,1639249200,1639202400,68,6.0,61,0.0,0.0,0.0,0,129,3084,369,8860,923,519,12457,953,64,1547,125,2.8
27,Ushuaia,2021-12-12,1639278000,986,992,9.8,21.6,14.8,1639321200,230,7.9,10.0,5.1,1639278000,1639360800,72,3.0,79,1.0,1.0,0.0,0,212,5089,370,8877,924,520,12473,953,65,1550,125,4.0
28,Ushuaia,2021-12-13,1639364400,995,1002,7.2,14.0,10.3,1639422000,231,6.4,9.0,3.0,1639418400,1639375200,66,0.5,61,0.5,0.5,0.0,0,177,4242,371,8893,925,520,12488,953,65,1553,125,3.8
29,Ushuaia,2021-12-14,1639450800,997,1004,7.8,19.1,14.1,1639508400,261,9.4,13.2,4.0,1639504800,1639465200,60,1.9,48,0.0,0.0,0.0,0,234,5613,371,8907,925,521,12501,954,65,1555,125,5.7
30,Ushuaia,2021-12-15,1639537200,992,999,11.0,30.7,20.6,1639616400,236,10.3,12.5,9.0,1639598400,1639620000,65,3.9,57,2.0,2.0,0.0,0,200,4803,372,8919,926,521,12514,954,65,1558,125,5.1
31,Ushuaia,2021-12-16,1639623600,999,1006,12.9,30.3,20.3,1639630800,226,8.9,12.7,5.4,1639677600,1639641600,59,0.9,52,2.5,2.5,0.0,0,259,6206,372,8930,926,522,12525,954,65,1559,125,6.6
32,Ushuaia,2021-12-17,1639710000,1008,1015,3.5,11.7,9.5,1639778400,207,10.1,14.6,6.8,1639760400,1639717200,81,6.9,69,0.5,0.5,0.0,0,88,2106,372,8939,927,522,12535,954,65,1561,125,2.6
33,Ushuaia,2021-12-18,1639796400,1003,1010,4.7,16.3,12.5,1639879200,268,13.7,21.2,8.0,1639850400,1639810800,66,7.0,17,0.0,0.0,0.0,0,372,8933,373,8946,927,523,12543,955,65,1562,125,8.5
34,Ushuaia,2021-12-19,1639882800,996,1003,11.7,25.2,15.8,1639900800,233,6.1,10.8,3.3,1639882800,1639947600,70,1.0,65,3.5,3.5,1.0,1,305,7318,373,8951,928,523,12549,955,65,1563,125,4.9
35,Ushuaia,2021-12-20,1639969200,988,995,9.3,25.2,17.5,1640026800,234,8.1,11.1,4.2,1640016000,1639969200,71,3.1,62,1.0,1.0,0.0,1,264,6326,373,8955,928,523,12553,955,65,1563,125,4.5
36,Ushuaia,2021-12-21,1640055600,989,996,15.7,30.3,20.3,1640066400,229,9.9,13.2,7.5,1640106000,1640055600,66,3.9,47,1.0,1.0,0.0,0,258,6199,373,8956,928,523,12556,955,65,1564,125,4.4
37,Ushuaia,2021-12-22,1640142000,999,1006,11.0,26.8,18.4,1640152800,230,11.6,14.8,8.3,1640199600,1640145600,57,3.2,40,0.0,0.0,0.0,0,336,8075,373,8956,929,523,12557,955,65,1564,125,6.9
38,Ushuaia,2021-12-23,1640228400,996,1003,5.9,11.2,9.1,1640228400,234,12.8,15.3,10.6,1640278800,1640250000,51,2.5,58,0.0,0.0,0.0,0,178,4281,373,8954,929,523,12557,956,65,1563,125,4.0
39,Ushuaia,2021-12-24,1640314800,993,999,4.8,24.1,16.9,1640365200,180,13.1,17.0,9.4,1640386800,1640325600,67,6.5,56,0.0,0.0,0.0,0,200,4806,373,8950,929,523,12554,956,65,1563,125,3.7
40,Ushuaia,2021-12-25,1640401200,990,997,5.9,16.4,9.7,1640401200,235,12.1,14.5,9.8,1640458800,1640419200,59,4.1,59,0.5,0.5,0.0,0,167,4007,373,8945,929,523,12550,956,65,1562,125,3.2
41,Ushuaia,2021-12-26,1640487600,987,994,8.0,18.8,13.0,1640538000,225,12.7,15.2,9.7,1640520000,1640570400,46,1.3,38,1.0,1.0,0.0,0,329,7884,372,8938,928,523,12545,956,65,1560,125,8.3
42,Ushuaia,2021-12-27,1640574000,986,993,8.8,24.0,15.9,1640620800,230,7.9,10.8,5.8,1640617200,1640656800,72,2.9,74,7.5,7.5,0.0,0,273,6550,372,8929,928,522,12539,956,65,1559,125,5.1
43,Ushuaia,2021-12-28,1640660400,995,1002,4.9,15.2,8.5,1640664000,243,9.1,13.3,5.3,1640721600,1640664000,62,1.9,59,0.5,0.5,0.0,0,316,7581,372,8918,928,522,12530,956,65,1557,125,6.6
44,Ushuaia,2021-12-29,1640746800,981,988,8.2,20.1,14.7,1640818800,230,9.7,12.6,5.6,1640797200,1640829600,66,3.4,67,11.0,11.0,0.0,0,235,5639,371,8905,927,522,12521,956,65,1555,125,5.7
45,Ushuaia,2021-12-30,1640833200,983,990,3.5,17.2,6.3,1640905200,222,10.6,14.8,5.4,1640883600,1640833200,53,1.4,57,1.5,1.5,0.0,0,278,6680,370,8891,927,521,12509,955,65,1553,125,6.2
46,Ushuaia,2021-12-31,1640919600,974,981,6.9,17.4,13.1,1640980800,218,8.9,12.2,5.4,1640952000,1640973600,62,2.0,52,4.0,4.0,0.0,0,178,4262,370,8875,926,521,12496,955,65,1552,125,2.7
47,Ushuaia,2022-01-01,1641006000,966,973,6.9,24.7,15.7,1641085200,294,9.0,12.8,6.0,1641049200,1641009600,58,0.9,73,8.0,8.0,0.0,0,89,2146,370,8871,926,520,12491,955,65,1551,125,2.6
48,Ushuaia,2022-01-02,1641092400,968,975,15.2,30.7,19.6,1641139200,227,5.4,7.1,4.6,1641142800,1641175200,65,-0.7,56,1.0,1.0,0.0,0,329,7893,369,8852,925,520,12475,955,65,1549,125,5.2
49,Ushuaia,2022-01-03,1641178800,978,985,11.0,17.3,13.0,1641232800,224,6.4,9.6,4.2,1641229200,1641189600,52,-2.8,59,0.0,0.0,0.0,0,192,4612,368,8832,924,519,12458,955,64,1546,125,2.8
50,Ushuaia,2022-01-04,1641265200,992,999,11.0,23.6,16.7,1641286800,228,5.6,8.2,3.8,1641322800,1641286800,69,0.1,61,1.0,1.0,1.0,1,261,6258,367,8811,923,518,12438,954,64,1544,125,4.5
51,Ushuaia,2022-01-05,1641351600,990,997,9.4,22.0,15.8,1641405600,224,8.8,12.6,3.2,1641412800,1641355200,63,1.7,34,0.5,0.5,0.0,0,343,8233,366,8787,922,517,12416,954,64,1541,125,5.8
52,Ushuaia,2022-01-06,1641438000,993,1000,6.9,20.7,15.0,1641495600,224,10.2,14.5,6.1,1641484800,1641445200,68,4.3,58,2.0,2.0,0.0,0,183,4401,365,8762,920,516,12393,954,64,1538,125,4.3
53,Ushuaia,2022-01-07,1641524400,995,1002,3.9,18.8,7.9,1641600000,243,10.0,13.2,4.2,1641574800,1641542400,62,2.8,73,8.0,8.0,0.0,0,93,2222,364,8735,919,515,12367,953,64,1534,125,2.6
54,Ushuaia,2022-01-08,1641610800,986,992,10.3,23.5,16.6,1641657600,214,9.5,12.0,6.6,1641664800,1641693600,60,1.7,57,0.5,0.5,0.0,0,345,8268,363,8706,917,514,12340,953,64,1531,125,5.8
55,Ushuaia,2022-01-09,1641697200,994,1000,6.1,16.4,12.5,1641708000,266,7.4,8.9,6.0,1641747600,1641715200,68,1.7,68,0.5,0.5,0.0,0,168,4031,361,8676,916,513,12312,953,64,1527,125,2.8
56,Ushuaia,2022-01-10,1641783600,974,981,10.2,29.2,17.5,1641798000,266,8.0,11.8,4.0,1641808800,1641862800,63,1.3,80,10.5,10.5,0.0,0,285,6850,360,8644,914,512,12282,952,63,1522,124,5.2
57,Ushuaia,2022-01-11,1641870000,986,992,12.0,24.8,16.7,1641924000,227,5.6,7.8,2.0,1641924000,1641891600,78,1.9,76,2.0,2.0,1.0,1,257,6179,359,8610,912,510,12250,952,63,1518,124,5.3
58,Ushuaia,2022-01-12,1641956400,985,992,10.3,24.8,17.3,1641974400,266,8.4,10.6,6.4,1642014000,1642039200,62,1.4,63,0.0,0.0,0.0,0,335,8039,357,8575,910,509,12218,951,63,1513,124,6.2
59,Ushuaia,2022-01-13,1642042800,992,999,6.0,17.4,13.1,1642053600,224,8.0,12.0,5.0,1642093200,1642060800,62,1.1,49,1.5,1.5,0.0,0,332,7962,356,8538,908,508,12184,951,63,1508,124,5.5
60,Ushuaia,2022-01-14,1642129200,995,1002,4.5,12.8,8.6,1642147200,206,6.9,9.6,4.0,1642176000,1642147200,63,0.2,39,2.0,2.0,0.0,0,191,4579,354,8500,906,506,12149,950,63,1503,124,4.3
61,Ushuaia,2022-01-15,1642215600,988,995,4.7,11.6,7.9,1642291200,213,5.4,7.6,3.7,1642248000,1642287600,84,2.8,73,20.0,20.0,1.0,1,44,1044,353,8460,904,505,12113,949,62,1497,124,2.5
62,Ushuaia,2022-01-16,1642302000,1002,1009,8.6,18.1,13.6,1642330800,172,4.9,6.0,3.5,1642348800,1642384800,75,0.7,77,15.0,15.0,23.0,24,196,4699,351,8419,902,503,12076,949,62,1492,124,3.4
63,Ushuaia,2022-01-17,1642388400,1008,1015,10.5,16.2,12.4,1642428000,234,6.3,8.9,3.3,1642449600,1642388400,69,1.0,66,0.0,0.0,0.0,12,164,3947,349,8376,899,501,12036,948,62,1487,124,2.8
64,Ushuaia,2022-01-18,1642474800,1005,1012,13.0,23.4,16.6,1642536000,231,10.5,13.8,8.1,1642532400,1642557600,74,6.0,61,0.0,0.0,0.0,1,249,5979,347,8332,897,500,11994,947,62,1482,123,4.2
65,Ushuaia,2022-01-19,1642561200,1013,1020,7.9,13.1,10.4,1642561200,231,10.0,13.1,7.0,1642622400,1642586400,67,3.8,44,0.0,0.0,0.0,0,219,5248,345,8287,894,498,11951,946,62,1476,123,5.4
66,Ushuaia,2022-01-20,1642647600,1004,1011,2.2,11.6,4.7,1642719600,217,14.3,24.2,7.0,1642712400,1642665600,58,5.2,6,0.0,0.0,0.0,0,343,8239,343,8239,891,496,11905,946,61,1471,123,7.9
67,Ushuaia,2022-01-21,1642734000,989,996,3.8,15.3,11.8,1642813200,186,13.2,18.0,9.6,1642773600,1642755600,68,7.3,41,4.5,4.5,0.0,0,182,4365,341,8191,888,494,11858,945,61,1465,123,3.7
68,Ushuaia,2022-01-22,1642820400,987,993,6.3,11.0,9.0,1642863600,119,9.6,11.6,8.1,1642856400,1642903200,84,7.0,74,5.0,5.0,0.0,0,85,2046,339,8141,885,492,11808,944,61,1459,123,2.4
69,Ushuaia,2022-01-23,1642906800,982,989,3.4,13.1,10.4,1642971600,190,10.2,15.0,7.6,1642964400,1642928400,78,6.3,70,0.5,0.5,0.0,0,194,4653,337,8090,882,490,11756,943,61,1452,123,4.4
70,Ushuaia,2022-01-24,1642993200,983,990,10.2,20.4,14.7,1643061600,233,8.2,11.0,5.9,1643047200,1643076000,74,3.9,74,5.0,5.0,0.0,0,221,5297,335,8037,879,488,11703,942,60,1446,122,3.5
71,Ushuaia,2022-01-25,1643079600,995,1002,11.5,19.6,13.9,1643140800,230,5.8,7.4,5.0,1643133600,1643101200,80,2.6,82,8.0,8.0,1.0,1,189,4525,333,7983,876,485,11647,941,60,1439,122,3.2
72,Ushuaia,2022-01-26,1643166000,1005,1012,10.1,19.6,14.4,1643234400,248,9.0,11.8,5.5,1643227200,1643191200,69,3.6,61,0.0,0.0,0.0,0,100,2405,330,7928,872,483,11590,940,60,1432,122,2.4
73,Ushuaia,2022-01-27,1643252400,1005,1012,8.1,13.0,10.4,1643295600,225,9.9,11.7,8.6,1643306400,1643277600,79,6.3,76,0.0,0.0,0.0,0,81,1948,328,7872,869,480,11531,939,59,1424,122,2.4
74,Ushuaia,2022-01-28,1643338800,999,1006,1.9,9.2,3.4,1643360400,132,11.8,17.6,8.0,1643403600,1643360400,75,7.4,59,0.0,0.0,0.0,0,124,2969,326,7815,865,478,11470,938,59,1416,122,2.4
75,Ushuaia,2022-01-29,1643425200,989,996,3.9,12.6,10.1,1643482800,210,11.2,15.4,6.3,1643464800,1643508000,76,7.0,76,13.5,13.5,0.0,0,90,2160,323,7756,861,475,11409,936,59,1408,121,2.3
76,Ushuaia,2022-01-30,1643511600,991,998,9.7,19.5,14.3,1643576400,235,7.5,9.3,6.2,1643569200,1643511600,72,2.7,76,1.5,1.5,0.0,0,205,4916,321,7697,858,473,11348,935,58,1400,121,4.5
77,Ushuaia,2022-01-31,1643598000,979,986,11.7,32.5,22.0,1643680800,249,7.3,9.6,5.2,1643648400,1643608800,73,2.7,62,4.5,4.5,0.0,0,170,4085,318,7636,854,470,11289,934,58,1391,121,3.3
78,Ushuaia,2022-02-01,1643684400,977,984,13.6,28.4,19.2,1643749200,227,5.5,6.4,4.2,1643734800,1643706000,82,2.6,74,5.5,5.5,2.0,2,245,5882,316,7575,850,468,11232,933,58,1382,121,4.1
79,Ushuaia,2022-02-02,1643770800,990,997,11.6,20.1,14.7,1643770800,230,6.5,9.0,4.5,1643832000,1643778000,66,0.5,60,0.0,0.0,0.0,1,205,4920,313,7513,846,466,11178,931,57,1373,120,3.8
80,Ushuaia,2022-02-03,1643857200,1003,1010,7.7,12.4,9.9,1643868000,232,6.5,9.0,3.5,1643918400,1643878800,63,-0.1,71,0.0,0.0,0.0,0,99,2384,310,7450,841,463,11122,930,57,1366,120,2.2
81,Ushuaia,2022-02-04,1643943600,1010,1017,5.8,9.4,7.9,1643986800,245,8.3,12.4,3.2,1644004800,1643965200,60,1.0,17,0.0,0.0,0.0,0,244,5854,308,7386,837,461,11064,929,57,1358,120,5.5
82,Ushuaia,2022-02-05,1644030000,1001,1008,7.9,18.8,13.0,1644102000,232,12.0,18.0,6.0,1644080400,1644044400,60,3.8,46,0.5,0.5,0.0,0,104,2494,305,7321,833,459,11004,927,56,1351,120,2.8
83,Ushuaia,2022-02-06,1644116400,1002,1009,4.1,12.4,7.3,1644116400,249,12.1,18.6,6.0,1644174000,1644138000,63,5.2,59,3.0,3.0,0.0,0,124,2965,302,7255,828,456,10942,926,56,1343,119,2.4
84,Ushuaia,2022-02-07,1644202800,990,997,3.8,12.8,8.2,1644224400,209,18.2,22.8,7.0,1644256800,1644285600,55,8.8,64,5.0,5.0,0.0,0,109,2628,300,7188,824,453,10878,924,56,1335,119,3.2
85,Ushuaia,2022-02-08,1644289200,991,998,7.8,22.9,16.3,1644296400,222,10.1,13.4,8.0,1644289200,1644318000,73,5.2,67,11.5,11.5,0.0,0,248,5959,297,7120,819,450,10812,923,55,1327,119,4.6
86,Ushuaia,2022-02-09,1644375600,986,993,6.2,23.6,9.3,1644451200,265,10.2,14.5,7.9,1644426000,1644375600,57,1.6,65,5.5,5.5,0.0,0,226,5420,294,7052,814,448,10743,921,55,1318,118,5.6
87,Ushuaia,2022-02-10,1644462000,992,999,10.2,18.7,13.9,1644501600,247,7.9,9.0,7.0,1644462000,1644487200,68,2.1,75,7.0,7.0,1.0,1,166,3974,291,6982,809,445,10673,919,55,1309,118,3.0
88,Ushuaia,2022-02-11,1644548400,996,1003,7.0,17.6,13.2,1644552000,249,9.9,14.0,6.4,1644609600,1644570000,70,4.6,66,7.5,7.5,0.0,0,76,1832,288,6912,804,442,10600,918,54,1300,118,2.1
89,Ushuaia,2022-02-12,1644634800,991,998,16.8,34.6,24.1,1644645600,236,9.2,13.0,7.3,1644638400,1644717600,62,2.4,51,0.0,0.0,0.0,0,193,4629,285,6841,799,439,10525,916,54,1291,118,3.5
90,Ushuaia,2022-02-13,1644721200,986,993,10.5,34.0,21.3,1644768000,249,7.8,13.6,3.8,1644760800,1644793200,69,2.2,73,5.0,5.0,1.0,1,171,4110,282,6769,794,435,10449,914,53,1281,117,2.6
91,Ushuaia,2022-02-14,1644807600,990,996,5.7,20.0,10.9,1644807600,279,7.8,12.2,3.6,1644865200,1644822000,67,1.4,57,0.0,0.0,0.0,0,182,4361,279,6697,789,432,10373,913,53,1271,117,3.1
92,Ushuaia,2022-02-15,1644894000,983,990,7.9,23.1,13.9,1644962400,230,6.7,9.8,3.8,1644955200,1644976800,71,1.7,48,0.0,0.0,0.0,0,233,5593,276,6624,784,429,10297,911,53,1261,117,4.0
93,Ushuaia,2022-02-16,1644980400,992,999,5.4,16.8,10.0,1644984000,266,7.8,12.4,3.0,1645048800,1644994800,63,0.8,76,6.0,6.0,0.0,0,73,1761,273,6551,778,426,10225,909,52,1250,116,1.9
94,Ushuaia,2022-02-17,1645066800,987,993,9.6,18.3,13.7,1645117200,217,12.4,14.6,9.6,1645088400,1645077600,63,5.5,63,2.0,2.0,0.0,0,190,4549,270,6478,773,423,10157,907,52,1239,116,4.5
95,Ushuaia,2022-02-18,1645153200,997,1004,7.0,14.3,11.2,1645218000,234,8.1,10.5,5.4,1645153200,1645236000,70,2.9,66,0.0,0.0,0.0,0,70,1691,267,6405,767,420,10090,905,51,1229,115,1.9
96,Ushuaia,2022-02-19,1645239600,1014,1022,3.5,8.0,5.1,1645264800,182,6.7,9.3,3.8,1645293600,1645250400,56,-1.5,60,0.0,0.0,0.0,0,147,3525,264,6331,762,418,10022,903,51,1221,115,2.3
97,Ushuaia,2022-02-20,1645326000,1022,1029,2.0,6.8,4.3,1645394400,186,8.2,13.5,4.0,1645387200,1645351200,63,1.3,38,0.0,0.0,0.0,0,160,3834,261,6256,756,415,9951,901,50,1212,115,3.4
98,Ushuaia,2022-02-21,1645412400,1014,1021,5.3,14.5,11.3,1645484400,227,11.5,16.5,5.8,1645459200,1645434000,68,5.3,49,0.0,0.0,0.0,0,248,5942,258,6181,750,412,9879,899,50,1203,114,5.0
99,Ushuaia,2022-02-22,1645498800,1007,1014,9.0,13.9,10.9,1645556400,232,10.6,11.9,8.5,1645560000,1645581600,78,6.8,71,0.0,0.0,0.0,0,100,2393,254,6106,744,408,9804,897,50,1193,114,1.9
100,Ushuaia,2022-02-23,1645585200,1004,1011,3.1,9.2,5.8,1645664400,175,10.3,16.0,4.9,1645650000,1645606800,71,5.1,40,0.0,0.0,0.0,0,100,2391,251,6030,738,405,9728,895,49,1184,114,2.1
101,Ushuaia,2022-02-24,1645671600,992,999,5.1,12.8,10.2,1645729200,212,13.8,17.1,9.3,1645722000,1645754400,69,8.0,64,0.0,0.0,0.0,0,78,1863,248,5954,732,402,9649,893,49,1174,113,2.0
102,Ushuaia,2022-02-25,1645758000,988,994,4.3,15.6,9.9,1645822800,185,10.0,14.4,7.9,1645815600,1645840800,84,7.1,61,0.0,0.0,0.0,0,227,5441,245,5877,726,399,9570,890,48,1164,113,4.0
103,Ushuaia,2022-02-26,1645844400,985,992,3.7,13.2,6.3,1645902000,281,10.0,14.7,5.4,1645905600,1645862400,64,3.0,50,0.0,0.0,0.0,0,205,4914,242,5800,720,395,9490,888,48,1153,112,3.1
104,Ushuaia,2022-02-27,1645930800,978,984,5.1,14.4,11.2,1645948800,172,7.6,10.3,5.7,1645930800,1646013600,74,3.2,59,9.0,9.0,1.0,1,90,2171,238,5723,714,392,9409,886,48,1143,112,2.3
105,Ushuaia,2022-02-28,1646017200,985,992,7.0,14.0,11.0,1646071200,220,6.6,8.7,4.9,1646082000,1646020800,73,1.9,62,0.5,0.5,0.0,1,181,4342,235,5646,708,389,9330,883,47,1132,112,3.2
106,Ushuaia,2022-03-01,1646103600,979,986,4.5,14.7,11.4,1646121600,224,8.0,10.4,6.0,1646172000,1646139600,72,3.0,68,9.0,9.0,0.0,1,45,1068,229,5493,695,383,9181,879,46,1109,111,1.6
107,Ushuaia,2022-03-02,1646190000,991,998,4.1,14.8,8.0,1646251200,291,8.7,12.2,4.8,1646247600,1646215200,70,3.3,53,0.5,0.5,0.0,1,61,1459,226,5416,688,380,9109,876,46,1099,110,1.6
108,Ushuaia,2022-03-03,1646276400,981,988,3.2,12.8,7.2,1646308800,215,10.0,13.7,7.6,1646337600,1646312400,75,5.6,66,4.0,4.0,0.0,0,128,3072,222,5339,682,376,9035,874,45,1089,110,3.2
109,Ushuaia,2022-03-04,1646362800,978,985,4.8,13.3,10.6,1646445600,196,8.9,12.4,7.1,1646413200,1646384400,71,3.8,53,4.0,4.0,0.0,0,107,2561,219,5262,675,373,8959,871,45,1080,109,2.0
110,Ushuaia,2022-03-05,1646449200,985,992,10.1,15.5,11.9,1646514000,230,7.3,9.4,5.6,1646499600,1646528400,73,2.7,80,1.5,1.5,0.0,0,126,3031,216,5185,669,370,8881,868,45,1070,109,2.5
111,Ushuaia,2022-03-06,1646535600,993,999,4.0,13.0,10.3,1646550000,211,5.3,6.1,4.2,1646593200,1646578800,81,2.2,94,0.5,0.5,1.0,1,123,2949,213,5107,662,367,8800,866,44,1060,108,1.9
112,Ushuaia,2022-03-07,1646622000,994,1001,3.0,11.2,8.2,1646704800,242,7.2,12.4,3.0,1646683200,1646647200,70,1.7,56,0.0,0.0,0.0,1,111,2659,210,5030,655,363,8717,863,44,1050,108,2.2
113,Ushuaia,2022-03-08,1646708400,984,990,7.6,17.2,12.9,1646784000,189,10.8,15.0,6.4,1646751600,1646787600,72,5.7,74,13.5,13.5,0.0,0,38,918,206,4953,649,360,8633,860,43,1039,107,1.5
114,Ushuaia,2022-03-09,1646794800,994,1001,7.0,14.5,11.3,1646798400,213,8.2,10.8,6.0,1646848800,1646798400,73,3.6,75,9.5,9.5,0.0,0,73,1742,203,4876,642,356,8548,858,43,1029,107,1.4
115,Ushuaia,2022-03-10,1646881200,1007,1014,5.8,15.6,12.0,1646892000,190,9.1,12.2,6.8,1646964000,1646906400,64,2.5,58,0.0,0.0,0.0,0,171,4109,200,4799,635,353,8463,855,42,1017,106,4.5
116,Ushuaia,2022-03-11,1646967600,1005,1012,6.3,13.6,10.7,1647018000,235,10.1,12.4,6.4,1646974800,1647050400,64,3.4,42,2.0,2.0,0.0,0,174,4182,197,4722,628,349,8380,852,42,1006,106,3.5
117,Ushuaia,2022-03-12,1647054000,1003,1010,3.5,13.2,6.0,1647136800,244,8.1,11.6,4.2,1647115200,1647064800,61,1.1,64,0.0,0.0,0.0,0,71,1695,194,4646,621,346,8302,849,41,994,105,1.5
118,Ushuaia,2022-03-13,1647140400,985,992,10.4,29.2,17.2,1647198000,261,7.3,10.4,3.5,1647162000,1647219600,68,1.5,73,3.0,3.0,0.0,0,157,3758,190,4571,614,343,8232,846,41,982,105,3.3
119,Ushuaia,2022-03-14,1647226800,992,999,8.0,20.4,13.1,1647273600,233,4.7,6.4,2.0,1647291600,1647252000,76,0.8,91,2.0,2.0,2.0,2,76,1814,187,4496,607,340,8162,843,41,973,104,2.0
120,Ushuaia,2022-03-15,1647313200,982,989,2.5,8.4,5.6,1647392400,163,5.9,7.7,4.1,1647367200,1647334800,91,4.5,99,21.5,21.5,7.0,9,20,486,184,4422,600,337,8091,840,40,964,104,1.3
121,Ushuaia,2022-03-16,1647399600,986,992,3.9,9.2,6.7,1647414000,193,3.9,5.6,2.3,1647403200,1647482400,86,1.7,79,3.0,3.0,5.0,14,57,1359,181,4347,593,334,8018,837,40,955,103,1.3
122,Ushuaia,2022-03-17,1647486000,999,1006,6.0,15.5,11.3,1647547200,222,2.8,5.5,0.9,1647532800,1647558000,84,0.3,66,0.5,0.5,0.0,14,104,2502,178,4272,586,331,7944,834,39,945,103,1.8
123,Ushuaia,2022-03-18,1647572400,1011,1018,7.7,14.4,10.8,1647615600,239,3.3,5.2,1.2,1647622800,1647579600,75,-0.8,62,0.0,0.0,0.0,20,147,3529,175,4198,579,328,7867,831,39,936,102,2.2
124,Ushuaia,2022-03-19,1647658800,1011,1018,3.8,13.6,10.1,1647738000,247,5.8,10.4,1.0,1647723600,1647676800,64,-0.8,39,0.0,0.0,0.0,10,129,3104,172,4124,572,325,7789,828,39,926,102,2.7
125,Ushuaia,2022-03-20,1647745200,995,1002,4.0,12.8,9.0,1647745200,235,11.1,17.2,8.0,1647802800,1647774000,59,3.3,50,0.0,0.0,0.0,4,162,3897,169,4050,565,321,7709,824,38,916,101,3.6
126,Ushuaia,2022-03-21,1647831600,984,991,4.2,17.2,9.6,1647892800,228,10.0,14.4,7.6,1647889200,1647860400,69,4.3,54,0.0,0.0,0.0,2,50,1204,166,3976,558,318,7626,821,38,906,101,1.4
127,Ushuaia,2022-03-22,1647918000,976,983,7.6,17.6,12.6,1647979200,247,9.6,12.4,6.6,1647950400,1647997200,66,3.4,72,3.0,3.0,0.0,0,58,1384,163,3903,551,314,7542,818,37,896,100,1.4
128,Ushuaia,2022-03-23,1648004400,996,1003,6.2,15.2,8.7,1648076400,247,6.4,9.0,3.8,1648058400,1648018800,63,-0.5,66,0.0,0.0,0.0,1,81,1939,160,3830,544,311,7456,814,37,886,100,1.7
129,Ushuaia,2022-03-24,1648090800,997,1004,7.0,15.6,10.6,1648105200,283,8.7,10.5,7.0,1648173600,1648119600,60,1.3,62,0.0,0.0,0.0,1,145,3486,157,3757,537,307,7368,811,36,875,99,2.4
130,Ushuaia,2022-03-25,1648177200,995,1001,6.2,18.8,8.5,1648216800,283,12.0,15.4,9.8,1648231200,1648256400,56,3.2,48,1.5,1.5,0.0,0,51,1235,154,3685,529,303,7278,808,36,865,98,1.1
131,Ushuaia,2022-03-26,1648263600,983,990,5.5,17.4,13.1,1648274400,200,11.0,16.2,6.1,1648274400,1648346400,73,5.8,89,8.0,8.0,0.0,0,35,849,151,3614,522,299,7187,804,36,854,98,1.1
132,Ushuaia,2022-03-27,1648350000,979,985,4.4,12.8,7.6,1648357200,252,7.2,11.3,4.7,1648407600,1648378800,76,2.9,58,6.0,6.0,2.0,2,65,1559,148,3543,515,296,7095,800,35,842,97,1.6
133,Ushuaia,2022-03-28,1648436400,982,989,4.0,11.7,9.5,1648501200,225,6.6,9.1,3.7,1648494000,1648465200,72,1.8,39,0.5,0.5,0.0,1,138,3322,145,3472,508,292,7002,797,35,831,97,2.5
134,Ushuaia,2022-03-29,1648522800,1001,1008,11.1,20.5,14.9,1648602000,220,5.5,7.2,4.0,1648576800,1648544400,77,1.8,71,3.0,3.0,12.0,13,95,2274,142,3403,501,288,6911,793,34,819,96,1.8
135,Ushuaia,2022-03-30,1648609200,1002,1009,5.9,18.1,13.5,1648620000,218,7.7,10.0,5.8,1648659600,1648641600,69,2.3,63,0.0,0.0,0.0,8,36,863,139,3334,494,284,6822,790,34,807,95,1.0
136,Ushuaia,2022-03-31,1648695600,994,1000,6.2,16.4,11.1,1648710000,215,9.6,12.4,7.7,1648753200,1648724400,62,2.5,41,0.5,0.5,0.0,3,77,1847,136,3267,487,281,6737,786,33,795,95,1.9
137,Ushuaia,2022-04-01,1648782000,990,997,6.3,14.8,11.5,1648785600,234,6.4,9.9,3.8,1648782000,1648864800,81,3.3,65,10.5,10.5,0.0,2,56,1354,133,3200,480,277,6655,782,33,783,94,1.5
138,Ushuaia,2022-04-02,1648868400,987,994,1.9,8.4,3.7,1648947600,225,3.7,5.2,1.8,1648922400,1648882800,85,1.4,56,6.0,6.0,10.0,12,25,592,131,3135,473,274,6572,778,32,773,94,1.0
139,Ushuaia,2022-04-03,1648954800,979,986,6.7,20.8,12.6,1649008800,221,4.4,6.7,2.4,1649001600,1649037600,82,1.6,45,1.5,1.5,0.0,9,112,2677,128,3070,466,270,6491,775,32,762,93,2.2
140,Ushuaia,2022-04-04,1649041200,978,985,7.8,19.2,11.6,1649102400,231,3.1,5.1,1.1,1649095200,1649124000,80,0.0,59,0.0,0.0,0.0,10,98,2358,125,3006,459,267,6413,771,31,752,92,1.8
141,Ushuaia,2022-04-05,1649127600,988,995,10.5,20.0,13.2,1649192400,235,2.7,4.7,1.0,1649181600,1649160000,85,0.3,75,0.0,0.0,0.0,12,104,2505,123,2943,452,264,6342,767,31,741,92,1.7
142,Ushuaia,2022-04-06,1649214000,1001,1009,11.2,19.4,14.3,1649271600,231,4.3,6.0,2.4,1649275200,1649221200,76,0.3,64,0.0,0.0,0.0,11,72,1725,120,2881,445,262,6277,763,30,730,91,1.2
143,Ushuaia,2022-04-07,1649300400,1008,1015,3.9,8.5,7.2,1649300400,263,3.8,6.2,2.0,1649358000,1649329200,72,-0.8,32,0.0,0.0,0.0,8,69,1644,117,2820,438,259,6212,759,30,722,91,1.9
144,Ushuaia,2022-04-08,1649386800,1006,1013,1.9,7.6,3.5,1649458800,259,3.3,6.6,0.8,1649440800,1649415600,83,0.5,61,0.0,0.0,0.0,5,24,586,115,2759,431,256,6147,755,30,714,90,0.9
145,Ushuaia,2022-04-09,1649473200,998,1005,2.5,13.7,10.8,1649556000,201,6.6,12.2,1.8,1649530800,1649491200,72,1.8,34,0.0,0.0,0.0,3,87,2090,112,2699,424,253,6080,751,29,705,89,2.2
146,Ushuaia,2022-04-10,1649559600,996,1003,5.0,13.1,10.4,1649559600,249,6.7,8.2,5.2,1649559600,1649588400,67,0.9,68,0.0,0.0,0.0,2,32,761,110,2640,417,250,6011,747,29,697,89,1.0
147,Ushuaia,2022-04-11,1649646000,991,998,4.6,13.6,10.7,1649700000,201,5.5,7.5,4.5,1649700000,1649674800,80,2.4,74,2.5,2.5,2.0,4,57,1376,108,2581,410,248,5942,743,29,689,88,1.6
148,Ushuaia,2022-04-12,1649732400,983,990,8.6,23.3,16.5,1649793600,235,6.3,9.0,3.2,1649757600,1649811600,72,1.6,61,3.5,3.5,0.0,3,55,1330,105,2523,403,245,5871,739,28,680,87,1.5
149,Ushuaia,2022-04-13,1649818800,987,994,8.5,21.3,15.4,1649836800,246,8.5,14.1,3.4,1649880000,1649818800,69,3.1,56,0.0,0.0,0.0,3,83,2000,103,2465,397,242,5799,734,28,672,87,1.9
150,Ushuaia,2022-04-14,1649905200,990,997,6.6,19.9,14.6,1649912400,261,8.5,10.8,6.0,1649959200,1649937600,60,1.2,25,0.0,0.0,0.0,2,89,2136,100,2408,390,239,5725,730,28,663,86,1.7
151,Ushuaia,2022-04-15,1649991600,992,999,4.5,17.7,13.3,1650074400,265,6.6,9.8,4.6,1650049200,1650024000,76,2.7,53,0.5,0.5,0.0,1,37,886,98,2352,384,235,5651,726,27,654,85,1.4
152,Ushuaia,2022-04-16,1650078000,1009,1016,7.8,20.0,14.7,1650081600,250,5.4,7.3,3.0,1650128400,1650157200,67,-0.4,65,0.0,0.0,0.0,1,68,1624,96,2297,377,232,5575,722,27,646,85,1.5
153,Ushuaia,2022-04-17,1650164400,998,1005,5.0,18.0,10.3,1650229200,256,8.5,11.4,3.6,1650218400,1650164400,73,3.8,92,5.5,5.5,0.0,1,15,360,93,2242,371,229,5497,717,27,637,84,0.8
154,Ushuaia,2022-04-18,1650250800,994,1001,4.0,10.0,6.9,1650258000,250,6.7,9.4,3.9,1650322800,1650279600,77,2.9,49,0.0,0.0,0.0,1,34,819,91,2188,364,226,5419,713,26,628,84,1.0
155,Ushuaia,2022-04-19,1650337200,986,993,3.8,11.2,6.6,1650340800,296,9.0,12.7,6.4,1650391200,1650420000,66,2.7,50,0.0,0.0,0.0,0,65,1566,89,2135,358,222,5339,709,26,619,83,2.2
156,Ushuaia,2022-04-20,1650423600,982,989,4.6,13.4,10.6,1650506400,202,6.9,10.1,3.6,1650477600,1650452400,73,2.2,56,0.0,0.0,0.0,0,35,850,87,2082,351,219,5257,704,25,610,82,1.1
157,Ushuaia,2022-04-21,1650510000,987,994,8.7,33.3,22.9,1650520800,244,5.6,6.4,4.8,1650556800,1650531600,75,1.5,65,0.0,0.0,0.0,0,48,1144,85,2031,345,216,5175,700,25,600,82,1.0
158,Ushuaia,2022-04-22,1650596400,982,989,3.1,12.0,6.2,1650654000,247,5.7,10.4,3.1,1650654000,1650625200,75,1.5,65,0.0,0.0,0.0,1,32,778,83,1980,339,212,5091,695,25,591,81,0.9
159,Ushuaia,2022-04-23,1650682800,973,980,3.6,8.4,5.6,1650765600,197,6.3,8.2,4.6,1650729600,1650765600,75,2.1,70,0.0,0.0,0.0,0,19,462,80,1931,333,209,5007,691,24,582,80,0.7
160,Ushuaia,2022-04-24,1650769200,975,982,3.3,7.4,6.4,1650772800,256,4.8,7.2,2.8,1650826800,1650852000,73,0.4,54,0.0,0.0,0.0,0,20,478,78,1882,327,205,4922,686,24,572,80,0.8
161,Ushuaia,2022-04-25,1650855600,977,984,5.4,11.7,9.4,1650927600,258,3.8,6.2,-0.4,1650913200,1650877200,82,0.9,55,0.0,0.0,0.0,0,15,356,76,1835,321,202,4837,682,23,562,79,0.7
162,Ushuaia,2022-04-26,1650942000,982,989,3.5,10.4,8.6,1651024800,239,4.0,5.2,2.8,1650992400,1650970800,77,0.2,66,0.0,0.0,0.0,1,22,527,74,1788,315,198,4752,677,23,553,78,0.7
163,Ushuaia,2022-04-27,1651028400,992,999,7.9,19.6,10.6,1651104000,206,2.3,3.6,0.0,1651028400,1651100400,82,-0.5,71,3.0,3.0,25.0,26,42,1017,73,1743,309,195,4668,673,23,543,78,1.1
164,Ushuaia,2022-04-28,1651114800,1000,1007,12.7,23.7,16.7,1651161600,228,4.3,6.6,1.0,1651165200,1651122000,76,0.4,61,0.0,0.0,0.0,23,23,540,71,1698,304,191,4586,668,22,533,77,0.8
165,Ushuaia,2022-04-29,1651201200,1006,1013,9.8,19.2,14.2,1651222800,239,5.7,6.9,2.3,1651262400,1651284000,72,1.1,57,0.0,0.0,0.0,21,20,489,69,1655,298,188,4509,664,22,523,76,0.7
166,Ushuaia,2022-04-30,1651287600,1005,1013,2.4,7.7,6.6,1651370400,273,3.4,6.1,0.4,1651345200,1651320000,78,-0.1,52,0.0,0.0,0.0,18,31,751,67,1613,293,185,4437,659,21,512,76,1.1
167,Ushuaia,2022-05-01,1651374000,1002,1009,6.2,12.7,10.1,1651384800,281,7.0,8.8,4.0,1651413600,1651456800,69,1.7,40,0.0,0.0,0.0,15,23,547,66,1573,287,182,4374,655,21,502,75,0.8
168,Ushuaia,2022-05-02,1651460400,991,998,5.1,20.6,14.1,1651514400,270,5.8,10.5,3.0,1651507200,1651532400,68,0.0,53,1.0,1.0,0.0,15,43,1029,64,1534,282,180,4319,650,20,491,75,1.6
169,Ushuaia,2022-05-03,1651546800,974,981,6.2,17.9,11.6,1651604400,211,4.9,7.1,3.0,1651604400,1651554000,72,0.2,61,3.5,3.5,6.0,21,46,1115,62,1497,277,178,4267,646,20,484,74,1.7
170,Ushuaia,2022-05-04,1651633200,979,986,5.0,12.8,9.6,1651640400,220,4.3,6.1,2.8,1651690800,1651658400,73,-0.1,47,0.0,0.0,0.0,21,56,1338,61,1460,272,176,4214,641,20,478,73,2.0
171,Ushuaia,2022-05-05,1651719600,980,987,4.6,28.2,16.9,1651798800,227,6.4,10.4,2.5,1651773600,1651802400,65,0.1,44,2.5,2.5,0.0,19,15,362,59,1424,266,173,4161,637,20,472,73,0.7
172,Ushuaia,2022-05-06,1651806000,992,999,5.6,23.1,16.4,1651806000,281,4.6,6.8,2.6,1651878000,1651827600,70,-0.5,56,0.5,0.5,2.0,21,22,519,58,1389,261,171,4108,632,19,466,72,1.4
173,Ushuaia,2022-05-07,1651892400,973,979,5.2,18.4,9.5,1651950000,251,8.8,13.2,5.6,1651935600,1651896000,63,1.8,44,3.0,3.0,0.0,15,55,1317,56,1354,257,169,4055,628,19,460,72,1.6
174,Ushuaia,2022-05-08,1651978800,976,983,9.2,26.7,18.3,1652029200,235,6.6,8.8,4.6,1651978800,1652022000,65,0.4,57,1.5,1.5,4.0,19,43,1038,55,1320,252,167,4001,623,19,454,71,1.8
175,Ushuaia,2022-05-09,1652065200,993,1000,7.9,15.0,11.6,1652068800,221,6.3,7.8,5.3,1652112000,1652148000,72,1.6,51,0.5,0.5,0.0,18,52,1243,54,1287,247,164,3947,619,19,448,70,1.8
176,Ushuaia,2022-05-10,1652151600,1005,1012,2.1,9.6,4.7,1652151600,180,5.3,7.8,3.1,1652202000,1652155200,71,0.5,52,0.0,0.0,0.0,17,22,540,52,1255,243,162,3894,614,18,442,70,1.0
177,Ushuaia,2022-05-11,1652238000,1001,1007,6.4,12.4,10.0,1652248800,316,10.6,12.7,7.6,1652288400,1652320800,55,1.9,85,0.0,0.0,0.0,16,12,297,51,1224,238,160,3840,610,18,436,69,0.7
178,Ushuaia,2022-05-12,1652324400,1003,1010,1.9,5.6,4.5,1652331600,143,6.3,7.6,5.6,1652324400,1652367600,88,4.3,76,0.0,0.0,0.0,13,5,124,50,1193,234,158,3786,605,18,430,69,0.6
179,Ushuaia,2022-05-13,1652410800,998,1005,2.2,4.8,4.2,1652472000,238,5.8,6.8,5.0,1652461200,1652428800,95,5.0,66,0.0,0.0,0.0,10,5,116,48,1163,229,155,3732,601,18,424,68,0.6
180,Ushuaia,2022-05-14,1652497200,1006,1013,3.7,10.0,6.3,1652504400,251,5.6,8.3,3.3,1652551200,1652529600,80,2.4,36,0.0,0.0,0.0,8,25,605,47,1134,225,153,3678,596,17,419,67,1.6
181,Ushuaia,2022-05-15,1652583600,1015,1022,4.1,15.4,8.7,1652652000,292,6.7,11.1,3.0,1652655600,1652612400,68,0.7,61,0.0,0.0,0.0,8,12,296,46,1106,221,151,3625,592,17,413,67,0.8
182,Ushuaia,2022-05-16,1652670000,1012,1019,4.0,11.2,7.5,1652688000,216,8.2,12.4,5.1,1652706000,1652752800,63,1.0,75,0.0,0.0,0.0,7,9,209,45,1079,217,149,3571,588,17,407,66,0.6
183,Ushuaia,2022-05-17,1652756400,1016,1023,3.0,11.2,6.1,1652774400,189,6.1,8.0,4.2,1652839200,1652781600,77,2.2,85,0.0,0.0,0.0,7,8,197,44,1052,213,147,3518,583,17,402,66,0.6
184,Ushuaia,2022-05-18,1652842800,1005,1012,1.4,9.6,4.4,1652846400,267,6.6,8.2,5.2,1652896800,1652918400,72,1.8,49,1.0,1.0,0.0,5,41,978,43,1027,209,144,3465,579,17,396,65,1.6
185,Ushuaia,2022-05-19,1652929200,1001,1008,2.0,9.6,4.4,1652990400,278,8.8,14.2,5.0,1652983200,1652947200,76,4.5,45,0.0,0.0,0.0,4,17,417,42,1002,206,142,3413,575,16,391,65,1.1
186,Ushuaia,2022-05-20,1653015600,991,998,3.0,13.2,6.4,1653058800,235,7.8,9.4,6.2,1653019200,1653091200,70,2.6,58,0.5,0.5,0.0,3,9,215,41,978,202,140,3361,571,16,385,64,0.6
187,Ushuaia,2022-05-21,1653102000,986,993,4.1,10.9,8.9,1653130800,214,5.4,6.8,2.8,1653109200,1653184800,76,1.4,71,6.5,6.5,12.0,15,11,274,40,955,199,138,3310,567,16,380,64,1.3
188,Ushuaia,2022-05-22,1653188400,982,989,2.0,10.8,5.2,1653202800,241,2.3,4.1,1.0,1653238800,1653220800,78,-1.1,38,0.0,0.0,0.0,19,32,766,39,932,195,136,3260,563,16,375,63,1.8
189,Ushuaia,2022-05-23,1653274800,981,988,2.8,9.2,4.7,1653354000,308,1.3,2.4,0.0,1653328800,1653300000,70,-3.7,33,0.0,0.0,0.0,24,11,262,38,911,192,134,3210,559,15,369,63,0.8
190,Ushuaia,2022-05-24,1653361200,994,1001,8.8,19.0,13.7,1653444000,239,2.6,4.4,1.5,1653444000,1653361200,73,-1.7,54,0.0,0.0,0.0,26,32,761,37,890,189,132,3162,555,15,364,62,1.4
191,Ushuaia,2022-05-25,1653447600,997,1004,16.5,32.0,21.8,1653519600,235,4.9,5.5,4.0,1653498000,1653451200,79,1.5,53,1.0,1.0,3.0,29,14,330,36,870,186,130,3114,551,15,359,62,0.9
192,Ushuaia,2022-05-26,1653534000,997,1004,13.1,23.9,16.8,1653544800,232,2.2,4.2,0.0,1653534000,1653606000,87,0.3,74,0.0,0.0,0.0,46,27,654,35,851,183,128,3067,548,15,354,61,1.1
193,Ushuaia,2022-05-27,1653620400,998,1005,11.5,19.2,14.1,1653631200,231,1.8,3.0,0.5,1653663600,1653620400,88,0.1,89,4.5,4.5,45.0,91,26,635,35,833,180,126,3022,544,15,350,61,1.2
194,Ushuaia,2022-05-28,1653706800,1000,1007,10.9,16.7,12.7,1653706800,230,2.1,3.2,1.0,1653786000,1653706800,83,-0.5,76,4.0,4.0,37.0,128,9,221,34,816,177,124,2978,541,14,345,61,0.7
195,Ushuaia,2022-05-29,1653793200,1007,1014,10.6,18.1,13.5,1653800400,230,3.6,4.7,2.6,1653876000,1653793200,82,0.8,82,0.0,0.0,0.0,147,6,148,33,799,175,122,2935,537,14,341,60,0.6
196,Ushuaia,2022-05-30,1653879600,1008,1015,11.9,17.5,12.9,1653908400,230,5.8,6.6,4.5,1653937200,1653879600,82,2.9,82,1.0,1.0,0.0,136,5,114,33,784,172,121,2894,534,14,336,60,0.6
197,Ushuaia,2022-05-31,1653966000,1010,1018,8.6,15.3,11.8,1653966000,236,5.0,6.1,2.8,1654016400,1654048800,83,2.3,64,0.0,0.0,0.0,132,7,163,32,769,170,119,2855,531,14,332,59,0.7
198,Ushuaia,2022-06-01,1654052400,1009,1016,2.7,6.0,4.9,1654124400,311,1.9,2.7,1.1,1654102800,1654131600,82,-0.8,54,0.0,0.0,0.0,130,8,180,31,755,168,117,2817,528,14,328,59,0.6
199,Ushuaia,2022-06-02,1654138800,1001,1009,2.8,9.6,5.8,1654167600,319,1.5,3.2,0.4,1654189200,1654164000,71,-3.3,29,0.0,0.0,0.0,130,18,421,31,742,166,116,2782,525,13,324,59,1.2
200,Ushuaia,2022-06-03,1654225200,987,994,6.3,20.8,10.7,1654286400,291,5.4,7.0,2.0,1654279200,1654225200,54,-3.4,75,0.0,0.0,0.0,132,10,229,30,729,164,115,2748,522,13,320,58,0.5
201,Ushuaia,2022-06-04,1654311600,983,990,6.1,18.3,13.7,1654333200,240,3.0,6.2,1.2,1654311600,1654340400,68,-2.5,58,2.0,2.0,11.0,143,27,646,30,717,162,113,2717,520,13,316,58,1.5
202,Ushuaia,2022-06-05,1654398000,974,981,7.8,22.4,10.7,1654426800,322,7.6,11.0,5.4,1654466400,1654426800,52,-1.8,82,2.5,2.5,6.0,149,7,177,29,707,160,112,2687,517,13,313,58,0.5
203,Ushuaia,2022-06-06,1654484400,972,979,6.0,26.4,16.7,1654502400,243,3.6,8.2,1.4,1654495200,1654556400,71,-1.2,49,1.5,1.5,0.0,149,25,601,29,696,158,111,2660,515,13,310,58,1.5
204,Ushuaia,2022-06-07,1654570800,981,988,6.5,16.4,8.0,1654614000,304,7.2,9.5,4.8,1654650000,1654570800,54,-1.5,68,0.0,0.0,0.0,153,15,366,29,687,157,110,2635,513,13,306,57,0.8
205,Ushuaia,2022-06-08,1654657200,980,987,6.2,19.2,13.4,1654711200,226,4.8,9.1,0.8,1654664400,1654714800,79,1.3,80,7.0,7.0,42.0,195,4,91,28,678,155,109,2613,511,13,303,57,0.5
206,Ushuaia,2022-06-09,1654743600,1006,1013,7.8,15.2,11.2,1654743600,250,1.4,2.8,-0.1,1654801200,1654826400,81,-1.5,65,0.5,0.5,10.0,205,27,655,28,670,154,108,2593,509,13,301,57,1.4
207,Ushuaia,2022-06-10,1654830000,997,1004,8.3,20.0,13.7,1654873200,300,4.8,7.8,-0.2,1654898400,1654830000,63,-1.7,63,3.5,3.5,16.0,221,5,130,28,663,153,107,2575,507,12,298,57,0.5
208,Ushuaia,2022-06-11,1654916400,993,1000,3.2,10.4,4.9,1654938000,236,6.4,12.0,3.0,1654999200,1654941600,75,2.1,61,1.5,1.5,0.0,212,3,80,27,657,152,107,2559,506,12,296,56,0.5
209,Ushuaia,2022-06-12,1655002800,988,994,2.9,10.0,5.6,1655074800,166,8.3,13.6,4.2,1655006400,1655085600,79,4.7,60,1.5,1.5,0.0,203,23,547,27,651,151,106,2545,504,12,294,56,1.0
210,Ushuaia,2022-06-13,1655089200,988,995,5.3,13.8,10.9,1655157600,233,4.7,6.7,1.2,1655146800,1655107200,90,3.1,59,0.0,0.0,0.0,190,8,196,27,646,150,106,2533,503,12,292,56,0.7
211,Ushuaia,2022-06-14,1655175600,998,1005,4.4,8.4,6.9,1655182800,278,3.7,5.4,1.5,1655179200,1655251200,78,0.2,31,0.0,0.0,0.0,187,15,358,27,642,149,105,2523,502,12,290,56,0.8
212,Ushuaia,2022-06-15,1655262000,990,997,3.3,14.8,5.3,1655344800,152,5.6,7.9,3.4,1655344800,1655265600,68,0.1,78,0.0,0.0,0.0,186,8,189,27,638,149,105,2515,501,12,289,56,0.5
213,Ushuaia,2022-06-16,1655348400,986,993,6.7,12.8,9.0,1655384400,238,2.9,8.1,-0.4,1655348400,1655431200,79,-0.6,67,5.0,5.0,33.0,219,24,570,26,635,148,105,2508,500,12,288,56,1.3
214,Ushuaia,2022-06-17,1655434800,986,993,7.2,18.0,13.4,1655488800,226,-0.2,1.2,-1.5,1655467200,1655517600,90,-1.7,91,4.5,4.5,42.0,261,20,487,26,632,148,104,2503,499,12,287,56,1.2
215,Ushuaia,2022-06-18,1655521200,996,1004,6.9,13.3,10.5,1655568000,240,-1.2,-0.1,-2.1,1655604000,1655524800,91,-2.6,58,0.0,0.0,0.0,265,23,563,26,631,148,104,2499,499,12,287,56,1.1
216,Ushuaia,2022-06-19,1655607600,995,1002,2.8,10.1,8.4,1655607600,297,-1.0,0.2,-2.0,1655690400,1655636400,97,-1.5,94,1.0,1.0,19.0,284,4,105,26,629,147,104,2497,499,12,287,56,0.5
217,Ushuaia,2022-06-20,1655694000,1008,1015,8.0,13.4,10.6,1655766000,218,0.3,1.2,-0.6,1655701200,1655744400,86,-1.7,73,1.0,1.0,22.0,306,16,394,26,629,147,104,2496,499,12,287,56,0.8
218,Ushuaia,2022-06-21,1655780400,1010,1017,12.8,19.8,14.5,1655791200,233,2.5,3.8,-0.8,1655830800,1655780400,80,-0.5,64,0.0,0.0,0.0,310,26,612,26,629,147,104,2497,499,12,287,56,1.3
219,Ushuaia,2022-06-22,1655866800,1005,1013,13.5,24.5,17.1,1655913600,232,3.1,4.3,1.5,1655920800,1655949600,86,1.0,54,2.5,2.5,12.0,322,7,161,26,630,148,104,2500,499,12,287,56,0.6
220,Ushuaia,2022-06-23,1655953200,1009,1016,9.7,15.6,12.0,1655982000,230,2.8,4.0,1.4,1656003600,1655953200,90,1.3,83,4.0,4.0,43.0,365,7,165,26,631,148,104,2504,499,12,288,56,0.6
221,Ushuaia,2022-06-24,1656039600,1013,1020,12.0,18.2,13.6,1656072000,233,4.9,6.5,3.5,1656122400,1656039600,76,1.0,40,0.0,0.0,0.0,364,19,465,26,633,148,105,2510,500,12,288,56,1.1
222,Ushuaia,2022-06-25,1656126000,1002,1009,4.3,12.5,10.0,1656126000,246,5.5,7.3,3.8,1656151200,1656158400,76,1.5,47,0.0,0.0,0.0,356,5,121,27,636,149,105,2517,501,12,289,56,0.5
223,Ushuaia,2022-06-26,1656212400,975,982,5.6,14.4,9.6,1656288000,234,6.9,9.6,4.5,1656252000,1656212400,76,3.0,55,11.5,11.5,0.0,344,6,148,27,640,149,105,2526,501,12,290,56,0.7
224,Ushuaia,2022-06-27,1656298800,983,990,5.4,14.0,9.4,1656298800,277,4.5,6.5,1.0,1656374400,1656334800,72,-0.4,52,1.5,1.5,0.0,339,21,501,27,644,150,106,2537,503,12,292,56,1.5
225,Ushuaia,2022-06-28,1656385200,980,987,4.5,14.0,8.5,1656464400,267,4.3,6.6,2.3,1656388800,1656468000,66,-1.7,51,0.0,0.0,0.0,341,6,141,27,648,151,106,2550,504,12,293,56,0.6
226,Ushuaia,2022-06-29,1656471600,987,994,3.2,6.8,5.5,1656471600,290,1.4,2.8,0.2,1656522000,1656554400,70,-3.5,40,0.0,0.0,0.0,339,25,593,27,654,152,107,2564,505,12,295,56,1.5
227,Ushuaia,2022-06-30,1656558000,991,998,3.3,6.0,4.9,1656568800,337,0.0,1.7,-1.5,1656612000,1656640800,73,-4.4,15,0.0,0.0,0.0,337,27,645,27,660,153,107,2579,507,12,296,57,1.5
228,Ushuaia,2022-07-01,1656644400,989,996,2.9,9.2,7.3,1656723600,286,0.8,5.2,-6.1,1656716400,1656662400,76,-3.2,57,0.0,0.0,0.0,338,21,494,28,666,154,108,2597,508,12,298,57,1.1
229,Ushuaia,2022-07-02,1656730800,986,993,6.3,12.8,8.7,1656766800,211,4.3,6.0,3.4,1656770400,1656802800,53,-4.6,68,0.0,0.0,0.0,337,7,179,28,674,156,109,2616,510,13,300,57,0.5
230,Ushuaia,2022-07-03,1656817200,985,992,3.4,10.4,8.1,1656835200,194,2.8,3.8,1.5,1656817200,1656900000,84,0.3,73,6.5,6.5,45.0,382,15,366,28,682,157,110,2636,512,13,303,57,0.9
231,Ushuaia,2022-07-04,1656903600,985,992,2.8,6.8,5.9,1656961200,284,1.7,2.8,0.7,1656957600,1656914400,82,-1.1,58,0.0,0.0,0.0,386,10,241,29,691,158,111,2658,514,13,305,57,1.1
232,Ushuaia,2022-07-05,1656990000,986,993,2.7,6.0,5.3,1656993600,308,0.1,1.7,-1.8,1657040400,1657072800,80,-2.9,44,0.0,0.0,0.0,382,5,117,29,700,160,112,2681,516,13,308,58,0.5
233,Ushuaia,2022-07-06,1657076400,988,995,3.4,6.8,4.7,1657105200,341,-2.0,-0.1,-3.0,1657130400,1657101600,79,-5.2,39,0.0,0.0,0.0,378,24,583,30,710,162,113,2706,519,13,312,58,1.5
234,Ushuaia,2022-07-07,1657162800,990,998,4.1,9.2,5.7,1657166400,300,-0.6,1.6,-2.1,1657213200,1657184400,81,-3.4,32,0.0,0.0,0.0,377,29,698,30,721,164,114,2733,521,13,315,58,1.4
235,Ushuaia,2022-07-08,1657249200,987,995,3.4,9.1,7.7,1657332000,315,-1.7,3.0,-3.6,1657306800,1657267200,83,-4.2,66,3.5,3.5,35.5,398,6,139,31,733,166,115,2761,524,13,319,59,0.5
236,Ushuaia,2022-07-09,1657335600,992,999,8.5,13.6,10.7,1657364400,235,-1.2,0.0,-2.8,1657335600,1657393200,86,-3.4,78,0.0,0.0,0.0,407,29,684,31,745,168,116,2792,527,13,322,59,1.1
237,Ushuaia,2022-07-10,1657422000,1011,1018,6.8,12.2,9.8,1657443600,261,0.3,2.0,-1.9,1657472400,1657504800,84,-2.1,58,0.0,0.0,0.0,405,19,465,32,758,170,118,2824,529,14,326,59,0.8
238,Ushuaia,2022-07-11,1657508400,1003,1010,4.6,12.8,9.2,1657555200,314,-0.7,1.6,-2.5,1657591200,1657512000,84,-3.1,70,0.0,0.0,0.0,403,6,152,32,772,172,119,2858,532,14,330,60,0.5
239,Ushuaia,2022-07-12,1657594800,994,1001,5.6,12.8,9.6,1657638000,136,3.0,4.1,1.7,1657648800,1657594800,78,-0.6,79,5.5,5.5,34.0,437,4,85,33,787,175,121,2895,535,14,334,60,0.5
240,Ushuaia,2022-07-13,1657681200,1009,1016,4.0,8.4,6.2,1657724400,54,2.1,3.0,0.8,1657688400,1657764000,77,-1.6,58,0.0,0.0,0.0,438,18,421,33,802,177,122,2933,539,14,339,60,0.8
241,Ushuaia,2022-07-14,1657767600,1022,1029,2.0,4.4,3.8,1657800000,281,-0.8,1.0,-2.2,1657821600,1657850400,78,-4.2,55,0.0,0.0,0.0,434,7,159,34,819,180,124,2973,542,14,343,61,0.5
242,Ushuaia,2022-07-15,1657854000,1016,1023,4.3,16.6,12.6,1657936800,305,0.1,3.0,-2.6,1657904400,1657868400,70,-4.9,49,0.0,0.0,0.0,430,11,275,35,836,182,126,3014,545,14,348,61,0.6
243,Ushuaia,2022-07-16,1657940400,995,1002,6.3,16.6,12.6,1657962000,292,3.2,4.9,2.1,1658008800,1657947600,67,-2.3,49,0.0,0.0,0.0,429,7,179,36,854,185,127,3057,549,15,353,62,0.5
244,Ushuaia,2022-07-17,1658026800,980,987,5.5,13.0,10.3,1658106000,266,4.4,5.7,1.8,1658077200,1658098800,63,-2.1,53,0.0,0.0,0.0,426,8,181,36,872,188,129,3101,552,15,357,62,0.7
245,Ushuaia,2022-07-18,1658113200,978,985,4.9,19.6,12.0,1658181600,268,2.8,6.3,0.0,1658174400,1658127600,66,-3.2,52,4.0,4.0,18.0,444,12,280,37,892,191,131,3147,556,15,362,62,0.9
246,Ushuaia,2022-07-19,1658199600,960,967,3.6,16.8,7.1,1658260800,236,3.0,5.2,1.0,1658260800,1658210400,80,-0.1,66,6.0,6.0,37.0,481,14,336,38,912,194,133,3194,559,15,367,63,0.8
247,Ushuaia,2022-07-20,1658286000,961,968,8.9,21.2,13.5,1658325600,238,1.4,3.3,-1.3,1658286000,1658368800,87,-0.6,93,8.5,8.5,55.0,536,7,169,39,933,197,135,3242,563,16,372,63,0.5
248,Ushuaia,2022-07-21,1658372400,981,988,8.2,19.0,13.4,1658448000,247,-0.9,0.3,-2.3,1658426400,1658401200,87,-2.8,81,0.0,0.0,0.0,533,21,513,40,955,201,137,3290,567,16,377,64,1.0
249,Ushuaia,2022-07-22,1658458800,990,997,12.6,24.2,17.0,1658502000,232,1.3,2.4,-0.6,1658494800,1658462400,91,0.0,86,5.0,5.0,30.0,563,9,211,41,978,204,139,3340,571,16,383,64,0.5
250,Ushuaia,2022-07-23,1658545200,1003,1011,8.7,16.7,12.7,1658556000,245,1.7,3.0,0.0,1658599200,1658606400,80,-1.4,66,1.5,1.5,7.0,570,11,263,42,1002,208,141,3390,575,16,388,65,0.6
251,Ushuaia,2022-07-24,1658631600,1007,1014,4.8,10.0,8.2,1658635200,306,1.5,2.5,-0.4,1658707200,1658656800,68,-3.7,57,0.0,0.0,0.0,564,13,302,43,1026,211,143,3441,579,16,393,65,0.6
252,Ushuaia,2022-07-25,1658718000,1001,1008,7.6,21.3,14.4,1658757600,227,2.2,5.0,1.0,1658750400,1658775600,74,-2.1,54,1.5,1.5,4.0,568,36,864,44,1051,215,146,3492,583,17,399,66,1.2
253,Ushuaia,2022-07-26,1658804400,1011,1018,4.1,8.8,5.5,1658840400,311,1.2,3.4,-0.4,1658858400,1658815200,69,-4.0,52,0.0,0.0,0.0,563,25,592,45,1077,219,148,3544,587,17,404,66,1.4
254,Ushuaia,2022-07-27,1658890800,993,1000,4.2,15.2,11.4,1658973600,234,3.8,7.0,1.4,1658955600,1658894400,67,-1.8,80,2.0,2.0,5.0,568,9,221,46,1104,223,150,3596,591,17,410,67,0.5
255,Ushuaia,2022-07-28,1658977200,979,986,7.7,19.2,14.2,1658988000,264,5.8,8.2,4.6,1659027600,1659006000,68,0.2,54,4.0,4.0,15.0,583,31,735,47,1132,227,152,3648,595,17,415,67,1.2
256,Ushuaia,2022-07-29,1659063600,977,984,6.4,22.8,11.0,1659078000,277,3.4,6.0,1.0,1659114000,1659078000,76,-0.6,72,12.0,12.0,47.0,630,41,991,48,1160,231,154,3701,599,18,421,68,1.7
257,Ushuaia,2022-07-30,1659150000,982,989,9.7,20.8,14.0,1659178800,238,5.8,7.7,3.7,1659211200,1659150000,67,0.0,58,6.5,6.5,34.0,664,43,1041,50,1189,235,156,3753,603,18,427,68,1.6
258,Ushuaia,2022-07-31,1659236400,994,1001,6.7,20.3,14.8,1659254400,211,4.6,6.0,3.0,1659247200,1659319200,81,1.6,46,5.0,5.0,10.0,674,12,298,51,1219,239,159,3806,607,18,433,69,0.8
259,Ushuaia,2022-08-01,1659322800,996,1003,2.9,10.8,8.1,1659405600,171,5.7,8.3,3.0,1659394800,1659322800,78,1.8,69,1.0,1.0,0.0,660,31,741,52,1250,244,161,3858,612,18,438,70,1.2
260,Ushuaia,2022-08-02,1659409200,1003,1010,4.4,11.2,7.4,1659441600,201,5.2,9.2,1.5,1659416400,1659488400,80,1.7,77,5.0,5.0,8.0,668,8,194,53,1282,248,163,3911,616,19,444,70,0.6
261,Ushuaia,2022-08-03,1659495600,1008,1015,1.4,6.4,2.5,1659506400,243,2.9,4.8,1.0,1659549600,1659531600,89,1.2,68,1.0,1.0,0.0,667,8,183,55,1314,253,165,3963,620,19,450,71,0.6
262,Ushuaia,2022-08-04,1659582000,1005,1012,1.5,6.4,3.5,1659589200,218,3.9,6.7,1.4,1659636000,1659610800,78,0.3,68,0.0,0.0,0.0,653,22,516,56,1347,258,167,4015,624,19,457,71,0.8
263,Ushuaia,2022-08-05,1659668400,1013,1020,4.3,10.2,8.4,1659708000,258,3.7,4.8,1.6,1659722400,1659751200,80,0.7,67,0.0,0.0,0.0,644,15,350,58,1381,262,170,4069,629,19,465,72,0.6
264,Ushuaia,2022-08-06,1659754800,1024,1031,1.6,4.4,2.6,1659765600,292,1.5,4.0,-0.2,1659808800,1659783600,83,-1.1,47,0.0,0.0,0.0,636,35,835,59,1416,267,172,4126,633,20,472,72,1.7
265,Ushuaia,2022-08-07,1659841200,1022,1029,2.6,9.2,7.5,1659909600,287,2.4,6.3,0.0,1659895200,1659870000,74,-1.9,77,0.0,0.0,0.0,629,17,414,61,1452,272,174,4186,637,20,480,73,0.7
266,Ushuaia,2022-08-08,1659927600,1009,1017,4.2,10.1,8.4,1659985200,289,2.9,5.5,0.8,1659978000,1659949200,62,-3.7,36,0.0,0.0,0.0,624,15,350,62,1489,277,177,4248,641,20,488,74,0.6
267,Ushuaia,2022-08-09,1660014000,996,1003,2.6,9.2,5.2,1660014000,229,4.4,6.0,3.0,1660071600,1660046400,70,-0.7,56,0.5,0.5,3.0,627,63,1505,64,1527,282,180,4312,646,21,495,74,1.8
268,Ushuaia,2022-08-10,1660100400,993,1000,2.8,10.7,8.8,1660165200,167,4.7,7.0,1.0,1660150800,1660183200,81,1.7,75,2.5,2.5,0.0,627,15,366,65,1566,287,182,4377,650,21,503,75,0.6
269,Ushuaia,2022-08-11,1660186800,995,1002,1.3,6.8,2.6,1660262400,244,2.0,4.0,0.9,1660244400,1660186800,91,0.7,64,0.0,0.0,0.0,626,14,340,67,1605,293,185,4442,654,21,510,75,0.8
270,Ushuaia,2022-08-12,1660273200,984,991,2.8,8.0,6.5,1660356000,218,2.2,4.0,0.4,1660327200,1660287600,71,-2.6,66,0.0,0.0,0.0,620,13,306,69,1646,298,188,4507,659,22,518,76,0.6
271,Ushuaia,2022-08-13,1660359600,979,986,5.1,12.8,8.8,1660424400,251,2.8,5.0,1.3,1660413600,1660377600,65,-3.5,60,1.0,1.0,3.0,623,32,763,70,1687,303,190,4571,663,22,526,77,1.5
272,Ushuaia,2022-08-14,1660446000,971,978,7.1,13.2,10.3,1660503600,188,2.4,3.7,0.7,1660503600,1660464000,89,0.8,99,4.0,4.0,42.0,665,13,312,72,1730,309,193,4637,667,22,536,77,0.6
273,Ushuaia,2022-08-15,1660532400,972,979,3.5,8.9,7.2,1660590000,312,2.9,5.0,1.8,1660586400,1660561200,81,-0.2,70,0.0,0.0,0.0,667,14,334,74,1773,314,196,4709,671,23,545,78,0.6
274,Ushuaia,2022-08-16,1660618800,976,983,3.1,7.9,6.5,1660618800,204,2.5,4.3,0.8,1660669200,1660651200,80,-0.6,53,0.0,0.0,0.0,664,33,792,76,1818,320,199,4785,675,23,555,78,0.9
275,Ushuaia,2022-08-17,1660705200,996,1003,4.7,10.5,8.6,1660788000,181,2.9,5.2,1.8,1660762800,1660737600,77,-0.8,61,0.0,0.0,0.0,669,22,531,78,1864,325,203,4864,680,24,565,79,0.7
276,Ushuaia,2022-08-18,1660791600,991,998,6.3,17.2,10.1,1660838400,300,4.1,5.4,2.6,1660845600,1660867200,69,-1.1,74,7.5,7.5,19.0,688,56,1344,80,1911,331,206,4944,684,24,574,80,1.8
277,Ushuaia,2022-08-19,1660878000,985,992,10.9,20.5,14.9,1660939200,236,3.3,5.0,1.4,1660896000,1660942800,79,-0.2,67,2.5,2.5,32.0,720,78,1865,82,1959,337,209,5025,688,24,583,80,1.6
278,Ushuaia,2022-08-20,1660964400,1008,1016,3.1,13.4,10.6,1660968000,259,3.7,7.2,1.4,1661018400,1660986000,68,-1.7,47,0.0,0.0,0.0,713,70,1673,84,2008,343,213,5105,692,25,592,81,1.7
279,Ushuaia,2022-08-21,1661050800,994,1001,6.5,17.6,13.2,1661119200,270,6.4,10.0,3.8,1661072400,1661133600,68,0.6,83,5.5,5.5,15.0,728,17,412,86,2058,349,216,5185,696,25,601,81,0.7
280,Ushuaia,2022-08-22,1661137200,993,1000,2.0,8.0,3.9,1661144400,230,3.6,6.6,2.0,1661194800,1661162400,73,-0.9,24,0.0,0.0,0.0,718,86,2052,88,2108,355,219,5264,700,25,610,82,1.9
281,Ushuaia,2022-08-23,1661223600,984,991,6.0,16.2,10.5,1661263200,281,5.2,9.8,1.7,1661277600,1661234400,66,-1.0,56,0.0,0.0,0.0,714,46,1100,90,2160,361,223,5342,704,26,619,83,1.2
282,Ushuaia,2022-08-24,1661310000,979,986,4.2,15.0,9.5,1661324400,260,5.3,8.0,3.6,1661364000,1661331600,64,-1.5,38,1.0,1.0,0.0,710,89,2135,92,2212,367,226,5419,708,26,628,83,2.1
283,Ushuaia,2022-08-25,1661396400,975,982,8.0,23.2,11.5,1661403600,272,4.6,8.4,0.0,1661446800,1661410800,64,-2.0,64,1.5,1.5,7.0,717,78,1884,94,2265,373,229,5495,712,27,637,84,2.0
284,Ushuaia,2022-08-26,1661482800,971,978,7.6,16.4,10.2,1661522400,241,0.5,3.2,-1.0,1661482800,1661540400,84,-2.0,78,0.0,0.0,0.0,718,43,1042,97,2319,379,232,5569,716,27,645,84,1.0
285,Ushuaia,2022-08-27,1661569200,996,1004,11.3,23.1,16.4,1661652000,233,0.7,4.0,-1.2,1661652000,1661583600,88,-1.1,79,0.0,0.0,0.0,727,71,1697,99,2374,385,235,5642,720,27,654,85,1.8
286,Ushuaia,2022-08-28,1661655600,999,1006,6.1,25.7,17.8,1661655600,202,5.5,8.0,2.6,1661709600,1661684400,76,1.6,57,0.0,0.0,0.0,726,25,603,101,2429,391,238,5714,724,28,662,86,0.8
287,Ushuaia,2022-08-29,1661742000,995,1002,2.2,11.6,4.3,1661799600,255,6.6,10.1,4.4,1661796000,1661763600,77,2.8,45,0.5,0.5,0.0,716,75,1794,104,2485,398,241,5784,728,28,670,86,1.9
288,Ushuaia,2022-08-30,1661828400,994,1001,1.7,9.6,2.9,1661886000,198,6.2,10.2,3.0,1661882400,1661850000,77,2.3,34,0.0,0.0,0.0,701,68,1624,106,2541,404,244,5853,732,28,679,87,1.5
289,Ushuaia,2022-08-31,1661914800,991,998,4.9,13.2,10.2,1661986800,249,7.1,10.2,4.1,1661965200,1661914800,69,1.7,54,2.0,2.0,0.0,687,30,727,108,2598,410,247,5921,736,29,687,87,0.8
290,Ushuaia,2022-09-01,1662001200,991,998,5.0,13.2,8.2,1662037200,242,4.6,7.4,2.6,1662040800,1662022800,73,0.1,55,1.0,1.0,0.0,680,105,2511,111,2656,417,249,5987,740,29,695,88,2.2
291,Ushuaia,2022-09-02,1662087600,991,998,3.1,11.2,5.9,1662087600,161,4.2,7.0,1.8,1662138000,1662116400,75,0.1,57,3.5,3.5,6.0,686,20,491,113,2714,423,252,6053,743,29,703,89,0.9
292,Ushuaia,2022-09-03,1662174000,993,1000,2.6,5.6,4.2,1662206400,238,2.7,3.4,1.5,1662224400,1662256800,93,1.7,90,3.0,3.0,9.0,695,16,379,116,2772,430,255,6117,747,30,711,89,1.0
293,Ushuaia,2022-09-04,1662260400,992,1000,4.5,17.5,9.6,1662314400,272,3.9,7.0,0.6,1662310800,1662264000,77,-0.1,54,6.0,6.0,7.0,702,44,1050,118,2831,436,257,6180,751,30,719,90,1.4
294,Ushuaia,2022-09-05,1662346800,978,985,9.3,20.1,14.2,1662408000,251,5.0,9.7,0.3,1662354000,1662429600,69,-0.7,73,1.0,1.0,0.0,696,41,989,120,2891,443,260,6242,755,30,726,90,1.1
295,Ushuaia,2022-09-06,1662433200,992,999,7.1,15.2,10.0,1662498000,240,-0.2,1.2,-1.1,1662444000,1662508800,91,-1.5,77,0.0,0.0,0.0,702,107,2556,123,2951,449,263,6302,758,31,735,91,1.9
296,Ushuaia,2022-09-07,1662519600,1000,1007,2.9,9.6,6.4,1662519600,228,2.0,4.4,-0.9,1662573600,1662519600,79,-1.4,66,0.0,0.0,0.0,705,55,1325,125,3012,456,265,6364,762,31,745,91,1.3
297,Ushuaia,2022-09-08,1662606000,997,1004,2.3,10.0,3.8,1662652800,258,3.2,5.0,0.8,1662663600,1662631200,76,-0.6,70,1.0,1.0,4.0,709,26,612,128,3073,463,268,6430,765,32,757,92,1.0
298,Ushuaia,2022-09-09,1662692400,989,996,4.6,13.2,8.6,1662739200,213,7.3,11.5,4.6,1662750000,1662775200,68,1.4,50,0.0,0.0,0.0,695,53,1270,131,3137,469,271,6507,769,32,770,93,1.6
299,Ushuaia,2022-09-10,1662778800,993,1000,7.7,19.0,13.9,1662811200,237,5.7,7.8,3.5,1662829200,1662793200,65,-0.5,26,0.5,0.5,0.0,687,133,3201,133,3201,476,275,6594,772,33,782,93,3.2
300,Ushuaia,2022-09-11,1662865200,996,1003,7.9,19.0,13.5,1662926400,251,5.4,9.2,2.9,1662904800,1662876000,64,-1.0,34,0.5,0.5,0.0,675,128,3069,136,3267,483,279,6686,776,33,794,94,2.4
301,Ushuaia,2022-09-12,1662951600,1008,1015,3.2,9.1,7.7,1662951600,288,5.5,9.0,2.4,1663002000,1662980400,64,-0.8,31,0.0,0.0,0.0,656,118,2830,139,3333,489,283,6781,780,34,806,94,1.9
302,Ushuaia,2022-09-13,1663038000,994,1001,7.3,18.4,11.9,1663084800,307,6.7,8.8,3.2,1663084800,1663038000,61,-0.4,54,3.5,3.5,0.0,646,28,678,142,3401,496,286,6875,783,34,817,95,1.1
303,Ushuaia,2022-09-14,1663124400,990,997,5.3,16.4,9.3,1663124400,320,5.8,10.4,1.6,1663171200,1663142400,56,-2.8,43,0.0,0.0,0.0,629,100,2396,145,3469,503,290,6969,787,35,828,95,1.8
304,Ushuaia,2022-09-15,1663210800,983,990,8.9,17.1,12.9,1663279200,269,5.8,8.8,1.6,1663214400,1663290000,53,-3.4,52,0.0,0.0,0.0,615,38,907,147,3538,510,294,7062,790,35,839,96,1.1
305,Ushuaia,2022-09-16,1663297200,994,1001,5.0,17.1,12.9,1663300800,254,3.5,6.1,0.8,1663358400,1663304400,65,-2.8,60,0.0,0.0,0.0,604,73,1749,150,3607,517,298,7153,793,35,850,97,1.6
306,Ushuaia,2022-09-17,1663383600,1007,1014,11.9,21.7,15.6,1663426800,225,4.0,5.3,1.8,1663434000,1663408800,76,0.1,63,0.5,0.5,0.0,599,129,3104,153,3677,524,302,7242,797,36,860,97,2.6
307,Ushuaia,2022-09-18,1663470000,1021,1028,4.7,12.4,10.0,1663470000,256,5.0,7.6,2.8,1663524000,1663488000,70,-0.2,40,0.0,0.0,0.0,579,77,1840,156,3748,531,305,7329,800,36,871,98,1.5
308,Ushuaia,2022-09-19,1663556400,1019,1027,1.4,6.8,2.2,1663570800,266,5.1,10.9,0.6,1663617600,1663581600,67,-0.9,8,0.0,0.0,0.0,559,159,3817,159,3819,538,309,7414,803,37,881,98,3.5
309,Ushuaia,2022-09-20,1663642800,1014,1021,4.8,11.6,8.2,1663686000,291,7.7,12.0,4.0,1663686000,1663646400,52,-2.0,69,0.0,0.0,0.0,547,60,1431,162,3890,545,312,7497,807,37,891,99,1.2
310,Ushuaia,2022-09-21,1663729200,1001,1008,9.3,17.6,12.0,1663794000,338,8.3,10.2,5.9,1663783200,1663750800,57,0.3,43,0.5,0.5,0.0,526,41,989,165,3961,552,316,7577,810,38,900,99,1.2
311,Ushuaia,2022-09-22,1663815600,994,1001,5.2,14.0,8.2,1663855200,267,9.2,12.0,6.7,1663855200,1663898400,51,-0.8,60,2.5,2.5,0.0,499,103,2478,168,4033,559,319,7656,813,38,910,100,2.0
312,Ushuaia,2022-09-23,1663902000,992,999,4.9,16.4,8.1,1663938000,272,9.2,14.0,5.5,1663948800,1663909200,52,-0.1,61,0.0,0.0,0.0,475,119,2857,171,4105,566,322,7733,816,38,919,100,2.5
313,Ushuaia,2022-09-24,1663988400,994,1001,7.8,20.6,11.7,1663992000,232,3.7,6.6,-2.0,1664002800,1663995600,78,0.2,75,1.5,1.5,1.0,476,156,3754,174,4178,573,325,7808,819,39,929,101,2.6
314,Ushuaia,2022-09-25,1664074800,989,996,6.2,15.6,8.8,1664132400,258,6.7,10.0,3.6,1664128800,1664074800,55,-1.9,62,0.5,0.5,0.0,464,69,1657,177,4250,580,328,7881,822,39,938,101,2.1
315,Ushuaia,2022-09-26,1664161200,978,985,7.5,20.3,14.8,1664226000,255,5.6,7.6,3.8,1664164800,1664233200,76,1.7,62,1.5,1.5,0.0,449,84,2017,180,4323,586,331,7953,825,39,947,102,1.5
316,Ushuaia,2022-09-27,1664247600,990,997,11.0,27.2,18.6,1664301600,245,6.4,9.0,4.4,1664305200,1664247600,75,2.3,69,6.5,6.5,2.0,451,143,3433,183,4396,593,334,8023,828,40,956,102,3.2
317,Ushuaia,2022-09-28,1664334000,997,1004,4.2,14.0,10.6,1664395200,286,9.1,14.8,5.0,1664391600,1664348400,61,1.7,64,2.0,2.0,0.0,435,67,1605,186,4469,600,337,8091,831,40,964,103,1.4
318,Ushuaia,2022-09-29,1664420400,995,1002,6.7,15.1,11.7,1664488800,285,9.5,12.9,5.2,1664478000,1664503200,62,2.0,67,0.5,0.5,0.0,410,94,2257,189,4541,607,340,8157,834,41,973,103,2.6
319,Ushuaia,2022-09-30,1664506800,996,1003,4.2,18.0,8.4,1664557200,269,6.3,10.4,2.8,1664568000,1664532000,62,-0.9,48,0.0,0.0,0.0,395,51,1218,192,4614,614,343,8222,837,41,981,104,1.4
320,Ushuaia,2022-10-01,1664593200,1005,1012,10.3,22.4,16.0,1664593200,251,5.0,8.0,2.0,1664640000,1664614800,68,-0.5,55,0.5,0.5,0.0,383,156,3742,195,4687,620,345,8286,840,41,990,104,2.5
321,Ushuaia,2022-10-02,1664679600,1012,1019,3.1,7.2,5.9,1664679600,189,5.7,10.6,1.8,1664737200,1664697600,62,-1.2,34,0.0,0.0,0.0,360,175,4204,198,4760,627,348,8351,843,42,1002,105,4.5
322,Ushuaia,2022-10-03,1664766000,998,1005,1.3,7.6,2.4,1664787600,147,6.8,10.4,3.4,1664816400,1664791200,71,1.7,65,0.0,0.0,0.0,339,47,1133,201,4834,634,351,8425,846,42,1013,105,1.4
323,Ushuaia,2022-10-04,1664852400,987,994,2.8,10.0,8.2,1664924400,181,9.0,14.4,5.1,1664910000,1664877600,68,2.8,62,2.5,2.5,0.0,313,156,3746,205,4909,641,354,8504,848,43,1024,106,3.2
324,Ushuaia,2022-10-05,1664938800,986,993,5.3,17.7,13.3,1665018000,251,7.5,11.7,3.6,1664996400,1665021600,71,2.4,78,0.0,0.0,0.0,294,51,1216,208,4984,647,358,8584,851,43,1034,106,1.5
325,Ushuaia,2022-10-06,1665025200,988,995,3.7,9.1,7.6,1665025200,229,5.7,8.1,2.7,1665082800,1665043200,71,0.7,57,1.0,1.0,0.0,275,130,3125,211,5059,654,361,8664,854,44,1045,107,2.5
326,Ushuaia,2022-10-07,1665111600,986,993,7.2,16.4,12.5,1665172800,210,4.3,5.8,1.9,1665165600,1665190800,78,0.7,71,2.5,2.5,0.0,270,150,3589,214,5134,660,364,8743,856,44,1055,107,3.2
327,Ushuaia,2022-10-08,1665198000,988,995,3.6,13.4,7.6,1665259200,246,5.7,10.0,2.2,1665280800,1665198000,77,1.9,69,0.0,0.0,0.0,258,63,1515,217,5209,667,368,8821,859,44,1065,108,1.6
328,Ushuaia,2022-10-09,1665284400,979,986,8.5,23.4,13.4,1665324000,236,8.6,12.6,6.2,1665320400,1665356400,65,2.2,66,6.5,6.5,0.0,221,209,5018,220,5284,673,371,8899,861,45,1077,108,4.8
329,Ushuaia,2022-10-10,1665370800,984,991,6.5,23.0,10.5,1665428400,215,7.9,10.6,4.9,1665424800,1665453600,65,1.7,54,5.5,5.5,0.0,191,216,5182,223,5360,680,374,8980,864,45,1089,109,4.0
330,Ushuaia,2022-10-11,1665457200,981,988,5.1,19.4,14.3,1665522000,276,7.5,11.9,2.6,1665500400,1665540000,59,-0.8,60,0.0,0.0,0.0,174,103,2474,226,5436,686,378,9064,866,46,1100,109,2.8
331,Ushuaia,2022-10-12,1665543600,979,986,8.4,25.2,16.8,1665626400,227,1.7,3.2,0.0,1665604800,1665568800,88,-0.1,85,3.0,3.0,3.0,177,119,2848,230,5512,692,381,9149,869,46,1111,110,2.1
332,Ushuaia,2022-10-13,1665630000,998,1005,9.3,22.5,16.1,1665630000,221,4.5,7.0,1.0,1665687600,1665630000,73,-0.2,69,0.0,0.0,0.0,165,107,2570,233,5588,698,385,9234,871,47,1122,110,1.9
333,Ushuaia,2022-10-14,1665716400,995,1001,5.6,16.0,12.2,1665748800,217,9.5,13.5,5.2,1665784800,1665720000,62,2.3,63,1.0,1.0,0.0,145,105,2531,236,5664,705,388,9318,874,47,1132,110,2.7
334,Ushuaia,2022-10-15,1665802800,1003,1010,11.1,20.7,15.0,1665813600,236,7.6,11.9,4.9,1665802800,1665824400,59,-0.4,42,5.0,5.0,0.0,126,238,5722,239,5740,711,392,9400,876,48,1143,111,5.5
335,Ushuaia,2022-10-16,1665889200,1009,1016,4.2,13.4,10.6,1665903600,200,8.1,11.3,5.0,1665950400,1665914400,49,-2.0,54,0.0,0.0,0.0,107,110,2640,242,5815,717,395,9481,878,48,1153,111,2.2
336,Ushuaia,2022-10-17,1665975600,997,1004,5.6,16.6,12.6,1666029600,155,8.8,14.4,5.6,1666018800,1666058400,63,1.8,85,0.0,0.0,0.0,85,64,1537,245,5891,723,398,9560,881,48,1162,112,1.7
337,Ushuaia,2022-10-18,1666062000,988,995,5.8,17.2,12.4,1666126800,199,6.8,9.0,4.8,1666112400,1666072800,81,3.5,57,5.0,5.0,0.0,59,122,2929,249,5966,729,402,9637,883,49,1172,112,2.8
338,Ushuaia,2022-10-19,1666148400,985,992,6.2,16.6,12.6,1666220400,250,6.5,12.0,2.0,1666198800,1666231200,63,-0.4,55,0.5,0.5,0.0,43,153,3681,252,6041,734,405,9712,885,49,1181,112,2.3
339,Ushuaia,2022-10-20,1666234800,991,998,8.7,19.6,14.3,1666296000,246,3.5,5.4,0.8,1666296000,1666260000,74,-0.8,56,0.5,0.5,0.0,37,226,5436,255,6115,740,408,9785,887,50,1190,113,3.4
340,Ushuaia,2022-10-21,1666321200,990,997,6.3,21.6,12.2,1666368000,257,8.2,13.2,3.8,1666378800,1666332000,51,-1.6,55,0.0,0.0,0.0,24,227,5449,258,6189,746,411,9856,889,50,1199,113,3.8
341,Ushuaia,2022-10-22,1666407600,986,993,5.4,16.4,7.6,1666447200,209,8.1,9.2,6.3,1666440000,1666479600,66,2.1,69,4.0,4.0,0.0,17,102,2446,261,6262,752,414,9925,891,50,1208,114,2.1
342,Ushuaia,2022-10-23,1666494000,983,990,4.0,16.4,11.1,1666544400,183,7.9,13.6,5.1,1666537200,1666576800,74,3.4,76,1.0,1.0,0.0,10,162,3895,264,6335,757,416,9992,893,51,1217,114,3.5
343,Ushuaia,2022-10-24,1666580400,989,996,6.0,17.9,13.4,1666659600,256,6.6,10.7,3.0,1666641600,1666663200,67,0.5,63,1.0,1.0,0.0,7,101,2424,267,6408,763,419,10057,895,51,1225,114,1.9
344,Ushuaia,2022-10-25,1666666800,995,1002,4.6,13.7,10.8,1666666800,237,6.0,10.0,2.2,1666738800,1666684800,64,-0.8,70,0.5,0.5,0.0,7,71,1702,270,6480,768,422,10121,897,51,1233,115,1.9
345,Ushuaia,2022-10-26,1666753200,977,984,5.3,16.8,8.5,1666821600,272,8.6,12.8,4.8,1666810800,1666767600,63,1.4,74,2.5,2.5,0.0,4,184,4414,273,6551,774,424,10182,899,52,1243,115,5.1
346,Ushuaia,2022-10-27,1666839600,964,970,6.1,14.4,10.2,1666922400,272,7.7,11.5,4.4,1666890000,1666922400,56,-1.0,63,1.0,1.0,0.0,2,83,1995,276,6622,779,427,10246,901,52,1253,115,2.3
347,Ushuaia,2022-10-28,1666926000,967,974,7.8,22.7,14.5,1666983600,239,5.1,7.6,2.4,1666972800,1666947600,66,-0.8,47,1.5,1.5,3.0,5,181,4355,279,6693,784,430,10315,903,53,1263,116,3.3
348,Ushuaia,2022-10-29,1667012400,979,986,7.7,18.8,12.9,1667091600,240,3.0,4.2,1.3,1667052000,1667026800,85,0.7,87,4.5,4.5,8.0,13,160,3835,282,6763,789,433,10386,905,53,1273,116,2.6
349,Ushuaia,2022-10-30,1667098800,1002,1009,17.0,33.0,22.7,1667145600,228,4.5,6.8,2.2,1667152800,1667120400,78,1.0,60,2.0,2.0,0.0,13,229,5490,285,6833,794,436,10458,907,53,1283,116,3.9
350,Ushuaia,2022-10-31,1667185200,999,1006,7.3,16.4,11.5,1667235600,219,6.1,10.0,2.8,1667224800,1667199600,75,1.9,59,9.5,9.5,0.0,6,169,4050,288,6903,799,439,10530,909,54,1292,117,4.9
351,Ushuaia,2022-11-01,1667271600,1002,1009,11.6,19.8,14.5,1667318400,232,6.6,9.0,4.0,1667329200,1667271600,68,1.1,55,0.0,0.0,0.0,3,251,6017,290,6972,804,442,10600,910,54,1301,117,3.8
352,Ushuaia,2022-11-02,1667358000,1006,1013,6.1,27.7,18.8,1667440800,233,9.0,16.5,2.4,1667422800,1667372400,61,1.8,45,0.0,0.0,0.0,1,115,2748,293,7040,809,445,10669,912,55,1310,117,2.1
353,Ushuaia,2022-11-03,1667444400,1003,1009,4.6,24.2,17.0,1667444400,199,10.7,17.9,4.9,1667509200,1667466000,63,3.7,62,0.0,0.0,0.0,0,92,2209,296,7107,814,447,10736,914,55,1318,118,2.2
354,Ushuaia,2022-11-04,1667530800,997,1004,6.9,17.2,12.3,1667552400,180,9.1,13.5,6.3,1667534400,1667613600,81,6.0,81,4.5,4.5,0.0,0,76,1826,299,7174,818,450,10802,915,55,1326,118,2.1
355,Ushuaia,2022-11-05,1667617200,1001,1008,2.7,8.3,7.1,1667692800,131,12.5,21.8,6.1,1667674800,1667620800,73,7.2,54,0.0,0.0,0.0,0,241,5782,302,7240,823,453,10865,917,56,1334,118,6.3
356,Ushuaia,2022-11-06,1667703600,999,1006,3.0,9.3,7.8,1667725200,168,8.7,10.1,6.8,1667772000,1667725200,85,6.3,71,0.5,0.5,0.0,0,134,3216,304,7304,827,455,10926,919,56,1342,119,3.0
357,Ushuaia,2022-11-07,1667790000,994,1000,4.3,18.9,8.9,1667858400,260,11.8,17.9,6.4,1667851200,1667804400,72,6.3,65,2.0,2.0,0.0,0,102,2448,307,7368,832,458,10986,920,56,1351,119,2.2
358,Ushuaia,2022-11-08,1667876400,988,995,7.3,15.4,11.2,1667930400,237,9.9,11.6,7.8,1667883600,1667959200,61,2.6,64,0.0,0.0,0.0,0,273,6555,310,7432,836,460,11047,922,57,1361,119,5.5
359,Ushuaia,2022-11-09,1667962800,992,999,9.1,19.8,13.7,1668020400,229,7.0,10.0,4.0,1668013200,1668042000,71,2.1,61,3.0,3.0,0.0,0,254,6097,312,7495,840,463,11111,923,57,1370,119,5.1
360,Ushuaia,2022-11-10,1668049200,1003,1010,4.2,8.2,7.0,1668049200,242,7.0,10.7,2.7,1668103200,1668063600,59,-0.6,45,0.0,0.0,0.0,0,156,3753,315,7557,844,466,11176,925,57,1379,120,3.2
361,Ushuaia,2022-11-11,1668135600,1005,1012,6.6,13.1,10.4,1668196800,232,7.8,11.7,4.4,1668186000,1668150000,63,1.0,42,0.0,0.0,0.0,0,273,6551,317,7618,848,468,11242,926,58,1388,120,5.1
362,Ushuaia,2022-11-12,1668222000,1004,1011,3.6,11.9,9.6,1668297600,235,9.9,16.6,2.9,1668283200,1668240000,57,1.0,23,0.0,0.0,0.0,0,198,4757,320,7678,852,471,11308,927,58,1396,120,3.1
363,Ushuaia,2022-11-13,1668308400,994,1001,3.7,9.7,8.1,1668308400,234,13.1,17.4,9.0,1668351600,1668326400,45,1.1,42,0.0,0.0,0.0,0,306,7336,322,7738,856,474,11372,929,59,1405,120,7.3
364,Ushuaia,2022-11-14,1668394800,986,993,2.9,14.4,5.7,1668427200,212,12.0,14.8,8.2,1668441600,1668477600,66,5.8,66,6.5,6.5,0.0,0,81,1944,325,7796,860,476,11435,930,59,1412,121,2.3
