,Ciudad,Fecha,Fecha (UNIX),Presión atmosférica,Presión Atm. sobre Nvl. del mar,Media de la vel. del viento (m/s),Vel. ráfaga de viento max.,Máx. vel. del viento /2min,Momento (UNIX) de la vel. máx. del viento,Media de la dirección del viento,Media de la temperatura,Temperatura máxima,Temperatura mínima,Momento temperatura máxima (UNIX),Momento temperatura mínima (UNIX),Media humedad,Media punto de rocío,Media de % de nubes en la zona,Acumulación de precipitaciones (l/m2),Acumulación de precipitaciones (l/m2) (NASA),Acumulación de nieve (l/m2),Profundidad de la neive,Media de radiación solar (W/m2),Total de radiación solar (W/m2),Media de la radiación solar horizontal,Total de la radiación solar horizontal,Máximo de la radiación solar horizontal,Media de la radiación solar concentrada,Total de la radiación solar concentrada,Máximo de la radiación solar concentrada,Media de la radiación solar horizontal difusa,Total de la radiación solar horizontal difusa,Máximo de la radiación solar horizontal difusa,Índice máximo de rayos ultravioleta
0,A Coruña,2021-11-15,1636930800,1016,1025,4.8,10.0,5.6,1636977600,50,13.2,15.1,11.3,1636977600,1636959600,84,10.6,64,1.5,1.5,0,0,84,2015,109,2610,450,239,5744,780,28,674,93,2.1
1,A Coruña,2021-11-16,1637017200,1016,1024,4.6,9.2,5.2,1637064000,48,13.2,15.8,11.3,1637064000,1637035200,82,10.1,64,0.0,0.0,0,0,69,1645,107,2575,446,237,5700,778,28,668,93,2.1
2,A Coruña,2021-11-17,1637103600,1018,1026,4.8,10.8,6.4,1637168400,51,13.6,16.7,11.4,1637154000,1637132400,72,8.5,45,0.0,0.0,0,0,97,2327,106,2541,442,236,5657,776,28,663,92,2.2
3,A Coruña,2021-11-18,1637190000,1018,1026,3.7,13.2,5.5,1637244000,70,13.3,16.9,10.9,1637240400,1637272800,70,7.7,21,0.0,0.0,0,0,105,2508,105,2508,438,234,5615,774,27,657,92,2.9
4,A Coruña,2021-11-19,1637276400,1015,1023,2.1,8.8,3.6,1637359200,147,11.9,16.2,8.2,1637323200,1637305200,72,6.9,4,0.0,0.0,0,0,103,2476,103,2476,434,232,5574,772,27,652,92,2.9
5,A Coruña,2021-11-20,1637362800,1012,1020,2.2,6.0,3.6,1637362800,197,12.9,17.7,10.3,1637409600,1637388000,72,7.7,14,0.3,0.3,0,0,102,2445,102,2445,430,231,5535,770,27,646,91,2.9
6,A Coruña,2021-11-21,1637449200,1011,1019,2.6,10.8,7.0,1637532000,115,11.6,14.5,9.0,1637503200,1637478000,85,9.1,30,0.0,0.0,0,0,95,2268,101,2415,426,229,5498,768,27,641,91,2.1
7,A Coruña,2021-11-22,1637535600,1010,1018,4.6,20.0,6.3,1637596800,70,9.9,11.6,7.8,1637535600,1637571600,80,6.6,57,8.8,8.8,0,0,68,1625,99,2385,422,228,5461,766,26,636,91,1.4
8,A Coruña,2021-11-23,1637622000,1011,1019,6.8,17.2,8.4,1637643600,47,11.1,12.4,9.6,1637668800,1637622000,77,7.1,44,0.0,0.0,0,0,82,1975,98,2357,418,226,5426,764,26,631,90,1.6
9,A Coruña,2021-11-24,1637708400,1011,1020,5.4,15.2,8.2,1637748000,93,11.7,12.7,10.6,1637762400,1637726400,76,7.6,65,2.0,2.0,0,0,81,1942,97,2330,415,225,5392,762,26,626,90,2.1
10,A Coruña,2021-11-25,1637794800,1007,1015,3.7,13.6,7.0,1637877600,124,10.5,12.7,8.7,1637845200,1637827200,84,7.9,48,24.0,24.0,0,0,90,2151,96,2303,411,223,5358,760,26,622,90,2.1
11,A Coruña,2021-11-26,1637881200,1009,1017,4.6,13.2,6.9,1637888400,202,10.7,12.0,9.2,1637964000,1637913600,80,7.3,68,2.3,2.3,0,0,52,1244,95,2278,408,222,5325,758,26,618,89,1.3
12,A Coruña,2021-11-27,1637967600,1008,1016,7.5,18.4,10.1,1637992800,338,10.5,11.9,8.8,1637967600,1638036000,71,5.4,79,6.8,6.8,0,0,72,1736,94,2253,404,220,5292,756,26,614,89,1.8
13,A Coruña,2021-11-28,1638054000,1013,1021,4.3,14.4,6.9,1638054000,292,10.8,12.4,8.7,1638115200,1638079200,83,7.9,58,18.8,18.8,0,0,18,440,93,2230,401,219,5260,755,25,610,89,0.8
14,A Coruña,2021-11-29,1638140400,1015,1023,3.8,10.8,6.2,1638151200,258,12.0,13.4,11.0,1638183600,1638223200,86,9.6,75,1.8,1.8,0,0,57,1379,92,2207,398,218,5228,753,25,606,89,1.5
15,A Coruña,2021-11-30,1638226800,1018,1026,3.5,9.6,6.0,1638230400,191,12.6,14.9,10.6,1638270000,1638252000,84,9.9,69,0.0,0.0,0,0,54,1301,91,2186,395,217,5197,751,25,603,88,1.4
16,A Coruña,2021-12-01,1638313200,1014,1022,7.2,14.8,8.0,1638320400,288,12.6,13.8,10.4,1638320400,1638396000,84,9.9,80,5.0,5.0,0,0,70,1679,90,2165,392,215,5167,750,25,599,88,1.2
17,A Coruña,2021-12-02,1638399600,1015,1023,5.8,15.2,8.8,1638453600,250,11.1,12.2,9.6,1638450000,1638403200,73,6.5,47,1.8,1.8,0,0,76,1824,89,2145,390,214,5139,748,25,596,88,1.3
18,A Coruña,2021-12-03,1638486000,1016,1024,4.6,14.0,6.0,1638568800,238,12.7,14.5,10.7,1638543600,1638511200,87,10.5,70,0.0,0.0,0,0,20,476,89,2127,387,213,5111,747,25,593,88,0.7
19,A Coruña,2021-12-04,1638572400,1015,1023,5.3,17.2,6.2,1638579600,272,13.0,14.8,11.6,1638615600,1638655200,82,9.8,61,10.3,10.3,0,0,76,1831,88,2109,385,212,5085,746,25,589,87,1.3
20,A Coruña,2021-12-05,1638658800,1019,1027,5.8,14.4,8.8,1638687600,291,12.0,13.8,11.1,1638702000,1638669600,81,8.8,75,2.0,2.0,0,0,45,1082,87,2092,382,211,5060,744,24,586,87,0.9
21,A Coruña,2021-12-06,1638745200,1017,1025,3.4,13.2,7.2,1638784800,232,13.0,14.7,11.5,1638795600,1638748800,89,11.1,88,29.5,29.5,0,0,13,314,87,2077,380,210,5037,743,24,583,87,0.6
22,A Coruña,2021-12-07,1638831600,1005,1013,6.8,24.4,10.4,1638867600,234,13.1,16.2,8.8,1638860400,1638907200,85,10.6,49,68.5,68.5,0,0,36,870,86,2062,378,209,5015,742,24,580,87,1.3
23,A Coruña,2021-12-08,1638918000,1008,1016,9.4,21.2,12.0,1638936000,288,9.5,11.3,7.3,1639000800,1638936000,79,6.0,72,23.8,23.8,0,0,29,706,85,2049,376,208,4996,741,24,577,87,0.8
24,A Coruña,2021-12-09,1639004400,1014,1022,7.3,16.8,10.0,1639083600,260,13.2,14.5,11.1,1639051200,1639015200,88,11.2,90,5.5,5.5,0,0,13,314,85,2037,374,207,4979,740,24,575,86,0.7
25,A Coruña,2021-12-10,1639090800,1015,1023,5.2,16.4,9.3,1639094400,260,13.3,14.8,12.1,1639137600,1639173600,87,11.2,73,1.3,1.3,0,0,24,580,84,2025,373,207,4965,739,24,572,86,0.7
26,A Coruña,2021-12-11,1639177200,1018,1026,2.2,8.4,4.4,1639202400,208,13.7,15.7,11.8,1639227600,1639180800,90,12.0,92,0.3,0.3,0,0,52,1241,84,2015,371,206,4953,738,24,569,86,1.3
27,A Coruña,2021-12-12,1639263600,1016,1024,1.4,6.0,2.3,1639342800,161,12.6,14.7,10.8,1639310400,1639346400,86,10.3,42,0.0,0.0,0,0,79,1898,84,2006,370,206,4943,737,24,567,86,1.6
28,A Coruña,2021-12-13,1639350000,1013,1021,1.8,7.2,3.0,1639400400,175,13.2,18.6,10.7,1639404000,1639350000,77,9.1,10,0.8,0.8,0,0,83,1994,83,1998,368,206,4935,736,24,565,86,1.8
29,A Coruña,2021-12-14,1639436400,1017,1025,2.1,5.6,4.0,1639472400,120,12.3,17.2,9.9,1639486800,1639519200,77,8.3,0,0.0,0.0,0,0,83,1991,83,1991,367,205,4928,735,23,564,86,2.0
30,A Coruña,2021-12-15,1639522800,1016,1025,1.5,7.2,3.1,1639537200,153,10.2,14.7,7.3,1639573200,1639551600,79,6.6,9,0.0,0.0,0,0,83,1985,83,1985,366,205,4922,735,23,563,86,2.0
31,A Coruña,2021-12-16,1639609200,1016,1024,1.5,7.6,3.3,1639688400,115,11.1,16.4,7.4,1639659600,1639638000,72,6.1,3,0.0,0.0,0,0,82,1980,82,1980,365,205,4917,734,23,563,86,2.0
32,A Coruña,2021-12-17,1639695600,1017,1025,1.2,7.2,3.4,1639724400,156,10.5,15.6,8.1,1639746000,1639778400,72,5.5,4,0.0,0.0,0,0,82,1975,82,1975,364,205,4913,734,23,562,86,2.0
33,A Coruña,2021-12-18,1639782000,1017,1025,1.7,6.0,2.8,1639818000,177,9.9,15.7,6.8,1639832400,1639792800,72,4.8,25,0.0,0.0,0,0,82,1968,82,1972,364,205,4910,734,23,562,86,2.0
34,A Coruña,2021-12-19,1639868400,1014,1022,2.5,7.2,4.1,1639879200,133,10.9,15.2,7.3,1639926000,1639886400,62,3.8,5,0.0,0.0,0,0,82,1970,82,1970,364,204,4907,734,23,561,86,2.0
35,A Coruña,2021-12-20,1639954800,1007,1015,3.6,11.6,4.7,1640005200,141,14.3,16.9,11.1,1640001600,1639954800,60,6.6,76,0.0,0.0,0,0,28,662,82,1969,364,204,4906,734,23,561,86,1.1
36,A Coruña,2021-12-21,1640041200,1005,1013,4.0,12.0,5.7,1640052000,146,16.0,18.8,13.4,1640095200,1640062800,71,10.7,81,5.0,5.0,0,0,21,492,82,1969,364,204,4906,734,23,561,86,0.6
37,A Coruña,2021-12-22,1640127600,1004,1012,3.5,15.6,6.2,1640174400,167,16.4,17.7,15.2,1640174400,1640156400,66,9.9,56,0.0,0.0,0,0,57,1362,82,1969,365,204,4907,734,23,561,86,1.2
38,A Coruña,2021-12-23,1640214000,1003,1011,3.4,15.2,6.3,1640221200,178,15.1,17.4,13.1,1640264400,1640250000,75,10.6,49,5.0,5.0,0,0,70,1687,82,1971,365,205,4909,735,23,562,86,1.5
39,A Coruña,2021-12-24,1640300400,996,1004,3.3,16.8,5.5,1640322000,177,13.2,14.9,11.8,1640354400,1640322000,80,9.9,72,18.5,18.5,0,0,31,750,82,1974,366,205,4912,735,23,563,86,0.8
40,A Coruña,2021-12-25,1640386800,995,1003,2.5,12.0,4.2,1640437200,193,13.7,17.0,12.2,1640433600,1640401200,85,11.1,73,1.8,1.8,0,0,21,502,82,1978,366,205,4917,736,24,564,86,0.6
41,A Coruña,2021-12-26,1640473200,997,1005,3.8,20.4,7.5,1640545200,176,14.4,16.9,11.9,1640530800,1640487600,87,12.2,70,18.3,18.3,0,0,14,339,83,1983,367,205,4923,736,24,566,86,0.6
42,A Coruña,2021-12-27,1640559600,1000,1008,7.4,20.4,10.2,1640613600,223,15.7,16.9,14.6,1640613600,1640581200,77,11.7,67,26.3,26.3,0,0,24,572,83,1988,368,205,4930,737,24,568,86,0.7
43,A Coruña,2021-12-28,1640646000,1008,1016,5.6,17.6,8.2,1640700000,217,17.0,18.6,16.1,1640696400,1640646000,81,13.7,73,0.0,0.0,0,0,50,1188,83,1995,369,206,4940,738,24,570,86,1.1
44,A Coruña,2021-12-29,1640732400,1013,1021,4.0,14.4,6.0,1640754000,206,17.1,18.2,15.9,1640779200,1640808000,78,13.1,65,0.0,0.0,0,0,27,641,83,2004,371,206,4953,739,24,572,86,0.7
45,A Coruña,2021-12-30,1640818800,1011,1019,2.7,10.8,4.9,1640876400,164,16.2,18.7,14.2,1640865600,1640898000,71,10.8,29,0.0,0.0,0,0,84,2011,84,2013,372,207,4967,740,24,574,86,2.0
46,A Coruña,2021-12-31,1640905200,1012,1020,4.2,15.6,6.0,1640919600,165,17.3,21.3,14.3,1640966400,1640941200,59,8.8,48,0.5,0.5,0,0,30,730,84,2023,374,208,4983,741,24,576,87,0.7
47,A Coruña,2022-01-01,1640991600,1012,1020,3.9,16.0,6.1,1641063600,173,18.7,23.0,16.0,1641038400,1641074400,49,7.4,66,5.0,5.0,0,0,64,1541,84,2025,374,208,4988,741,24,577,87,1.9
48,A Coruña,2022-01-02,1641078000,1018,1026,3.1,11.2,5.1,1641135600,198,15.6,17.8,13.8,1641128400,1641160800,76,11.4,68,0.3,0.3,0,0,26,634,85,2037,376,209,5006,742,24,579,87,0.8
49,A Coruña,2022-01-03,1641164400,1011,1019,4.8,20.8,8.8,1641222000,187,15.1,17.3,13.3,1641214800,1641189600,77,11.0,53,2.3,2.3,0,0,24,584,85,2050,378,209,5027,743,24,582,87,0.7
50,A Coruña,2022-01-04,1641250800,1007,1015,4.3,19.6,7.4,1641268800,251,11.4,16.0,9.1,1641258000,1641279600,85,9.0,66,70.0,70.0,0,0,51,1235,86,2063,380,210,5049,745,24,585,87,1.0
51,A Coruña,2022-01-05,1641337200,1010,1019,4.4,14.4,8.0,1641384000,231,11.1,13.3,9.6,1641384000,1641351600,80,7.7,62,5.0,5.0,0,0,67,1606,87,2078,382,211,5073,746,24,588,87,1.8
52,A Coruña,2022-01-06,1641423600,1014,1022,2.4,11.2,3.7,1641506400,245,11.9,13.4,11.2,1641477600,1641495600,84,9.2,75,2.5,2.5,0,0,32,759,87,2094,384,212,5098,747,25,591,88,0.8
53,A Coruña,2022-01-07,1641510000,1023,1031,3.1,10.4,5.4,1641520800,309,11.7,13.4,9.9,1641560400,1641592800,74,7.3,41,0.0,0.0,0,0,74,1776,88,2111,386,214,5125,749,25,594,88,1.9
54,A Coruña,2022-01-08,1641596400,1020,1029,5.1,15.6,6.7,1641654000,224,11.3,13.1,9.8,1641646800,1641614400,81,8.0,77,3.0,3.0,0,0,26,634,89,2129,389,215,5153,750,25,597,88,0.7
55,A Coruña,2022-01-09,1641682800,1016,1024,5.6,14.4,6.7,1641733200,249,13.9,14.5,12.7,1641729600,1641682800,95,13.1,86,1.5,1.5,0,0,9,225,89,2148,391,216,5181,752,25,600,88,0.7
56,A Coruña,2022-01-10,1641769200,1018,1026,2.5,8.8,4.4,1641769200,224,13.2,13.9,12.5,1641819600,1641852000,93,12.0,95,0.0,0.0,0,0,15,357,90,2168,394,217,5211,754,25,604,89,0.7
57,A Coruña,2022-01-11,1641855600,1021,1029,3.3,10.8,5.8,1641916800,87,12.6,14.4,12.1,1641909600,1641880800,85,10.1,60,0.0,0.0,0,0,44,1052,91,2189,397,218,5242,755,25,607,89,1.1
58,A Coruña,2022-01-12,1641942000,1023,1031,5.2,13.2,7.1,1641992400,63,12.1,14.1,9.2,1641992400,1642024800,69,6.4,22,0.0,0.0,0,0,92,2210,92,2211,400,220,5274,757,25,611,89,2.1
59,A Coruña,2022-01-13,1642028400,1022,1031,1.7,12.0,2.2,1642064400,143,8.9,12.7,5.5,1642078800,1642060800,61,1.8,3,0.0,0.0,0,0,93,2234,93,2234,403,221,5306,759,26,615,89,2.2
60,A Coruña,2022-01-14,1642114800,1022,1030,2.1,7.2,3.6,1642147200,157,9.4,15.0,6.1,1642165200,1642132800,58,1.4,0,0.0,0.0,0,0,94,2258,94,2258,406,222,5339,761,26,619,90,2.2
61,A Coruña,2022-01-15,1642201200,1018,1026,2.5,8.0,3.6,1642284000,153,9.4,14.5,5.5,1642255200,1642226400,59,1.7,27,0.0,0.0,0,0,89,2131,95,2283,410,224,5372,763,26,622,90,2.0
62,A Coruña,2022-01-16,1642287600,1020,1029,2.7,9.2,4.4,1642294800,128,11.9,15.1,9.8,1642345200,1642298400,61,4.7,63,2.5,2.5,0,0,40,953,96,2308,413,225,5407,765,26,626,90,0.9
63,A Coruña,2022-01-17,1642374000,1024,1032,2.1,7.2,3.9,1642377600,116,10.8,14.3,8.3,1642428000,1642406400,71,5.6,42,0.8,0.8,0,0,67,1607,97,2335,417,227,5441,767,26,631,91,1.9
64,A Coruña,2022-01-18,1642460400,1023,1031,1.9,6.8,2.9,1642492800,154,9.7,13.8,7.2,1642510800,1642489200,72,4.9,24,0.0,0.0,0,0,98,2363,98,2363,420,228,5476,769,26,635,91,2.3
65,A Coruña,2022-01-19,1642546800,1024,1033,1.5,6.4,2.7,1642582800,138,8.7,12.7,5.0,1642597200,1642575600,77,4.8,17,0.0,0.0,0,0,100,2391,100,2392,424,230,5512,771,27,639,91,2.2
66,A Coruña,2022-01-20,1642633200,1024,1032,3.4,13.2,7.0,1642698000,86,9.5,13.5,6.2,1642687200,1642658400,80,6.2,44,0.0,0.0,0,0,61,1465,101,2422,428,231,5547,773,27,643,92,1.3
67,A Coruña,2022-01-21,1642719600,1022,1030,6.0,17.6,8.0,1642762800,71,10.4,12.3,8.3,1642770000,1642802400,62,3.3,35,0.0,0.0,0,0,102,2450,102,2452,432,233,5583,775,27,647,92,2.2
68,A Coruña,2022-01-22,1642806000,1021,1029,3.3,17.2,5.3,1642816800,97,8.8,12.7,6.4,1642860000,1642834800,61,1.6,3,0.0,0.0,0,0,103,2484,103,2484,436,234,5620,777,27,652,92,2.4
69,A Coruña,2022-01-23,1642892400,1017,1025,2.1,7.2,3.0,1642917600,186,8.1,14.1,4.2,1642942800,1642924800,71,3.0,16,0.0,0.0,0,0,105,2516,105,2516,440,236,5656,779,27,656,93,2.4
70,A Coruña,2022-01-24,1642978800,1018,1027,2.0,6.0,3.6,1643004000,189,8.9,13.6,6.0,1643032800,1643000400,77,4.9,20,0.0,0.0,0,0,103,2461,106,2549,445,237,5693,782,28,661,93,2.0
71,A Coruña,2022-01-25,1643065200,1022,1031,1.9,6.0,3.2,1643122800,153,8.4,12.6,4.5,1643112000,1643090400,77,4.4,23,0.0,0.0,0,0,103,2481,108,2583,449,239,5730,784,28,667,93,2.4
72,A Coruña,2022-01-26,1643151600,1022,1030,2.2,8.8,3.6,1643223600,150,8.8,13.0,4.1,1643205600,1643180400,76,4.8,6,0.0,0.0,0,0,108,2584,109,2618,453,240,5768,786,28,673,94,2.5
73,A Coruña,2022-01-27,1643238000,1022,1031,2.3,12.8,4.8,1643306400,130,9.4,14.0,5.7,1643292000,1643263200,75,5.0,9,0.0,0.0,0,0,110,2642,111,2655,458,242,5808,788,28,679,94,2.5
74,A Coruña,2022-01-28,1643324400,1025,1033,2.3,13.2,4.1,1643389200,88,9.3,14.1,5.9,1643378400,1643353200,72,4.3,10,0.0,0.0,0,0,112,2691,112,2692,463,244,5850,791,29,685,94,2.5
75,A Coruña,2022-01-29,1643410800,1024,1033,1.8,9.2,3.6,1643443200,158,9.2,14.6,4.5,1643461200,1643439600,69,3.7,19,0.0,0.0,0,0,114,2725,114,2729,467,246,5894,793,29,691,95,2.6
76,A Coruña,2022-01-30,1643497200,1021,1030,2.0,8.4,4.5,1643518800,172,10.3,16.6,6.8,1643547600,1643529600,65,3.7,14,0.0,0.0,0,0,114,2744,115,2768,472,247,5939,795,29,697,95,2.5
77,A Coruña,2022-01-31,1643583600,1026,1034,3.7,12.0,6.3,1643637600,60,9.7,12.4,5.6,1643637600,1643598000,80,6.3,42,0.0,0.0,0,0,107,2579,117,2808,477,249,5986,798,29,703,96,2.0
78,A Coruña,2022-02-01,1643670000,1027,1035,3.5,10.0,5.3,1643734800,63,10.9,13.4,9.1,1643720400,1643695200,77,7.0,11,1.3,1.3,0,0,118,2839,119,2848,482,251,6034,800,30,709,96,2.6
79,A Coruña,2022-02-02,1643756400,1019,1027,2.1,7.6,3.6,1643778000,160,11.8,18.8,7.3,1643810400,1643770800,68,5.8,13,0.0,0.0,0,0,120,2890,120,2890,487,253,6082,802,30,715,96,2.7
80,A Coruña,2022-02-03,1643842800,1014,1022,2.7,10.0,4.1,1643878800,191,12.5,14.8,10.2,1643893200,1643853600,73,7.7,60,0.3,0.3,0,0,38,918,122,2932,492,255,6131,805,30,721,97,0.9
81,A Coruña,2022-02-04,1643929200,1017,1025,2.9,8.4,4.9,1644008400,237,11.8,14.1,9.8,1643979600,1644012000,83,9.0,89,2.5,2.5,0,0,48,1148,124,2975,497,258,6180,807,30,727,97,0.9
82,A Coruña,2022-02-05,1644015600,1022,1031,3.4,9.2,5.9,1644080400,62,10.3,12.5,8.8,1644069600,1644098400,77,6.3,39,0.0,0.0,0,0,118,2820,126,3019,503,260,6230,809,31,733,98,2.0
83,A Coruña,2022-02-06,1644102000,1025,1033,1.7,5.2,3.1,1644138000,159,9.8,13.8,5.8,1644152400,1644130800,78,6.0,66,0.0,0.0,0,0,101,2427,128,3063,508,262,6279,812,31,740,98,1.7
84,A Coruña,2022-02-07,1644188400,1025,1033,2.4,9.2,4.7,1644249600,107,11.1,13.9,8.9,1644242400,1644202800,82,8.1,43,0.0,0.0,0,0,125,2998,130,3108,513,264,6329,814,31,746,98,2.3
85,A Coruña,2022-02-08,1644274800,1019,1028,2.0,7.6,3.5,1644303600,176,11.0,17.2,6.6,1644328800,1644303600,72,5.9,6,0.0,0.0,0,0,131,3154,131,3154,519,266,6379,816,31,752,99,3.0
86,A Coruña,2022-02-09,1644361200,1019,1027,2.6,8.8,4.2,1644386400,177,13.4,19.1,9.5,1644408000,1644368400,63,6.1,3,0.0,0.0,0,0,133,3201,133,3201,524,268,6428,818,32,758,99,3.0
87,A Coruña,2022-02-10,1644447600,1019,1027,2.4,8.8,4.2,1644519600,189,11.8,13.3,10.7,1644501600,1644519600,84,9.1,55,20.8,20.8,0,0,53,1281,135,3248,530,270,6477,821,32,764,100,1.3
88,A Coruña,2022-02-11,1644534000,1019,1027,3.3,12.0,4.9,1644562800,60,12.1,15.5,10.5,1644584400,1644616800,81,9.0,72,0.0,0.0,0,0,36,855,137,3296,535,272,6526,823,32,770,100,1.0
89,A Coruña,2022-02-12,1644620400,1015,1023,1.5,6.4,2.7,1644703200,210,10.0,13.1,6.7,1644674400,1644649200,85,7.6,28,0.0,0.0,0,0,68,1635,139,3345,541,274,6574,825,32,776,100,1.6
90,A Coruña,2022-02-13,1644706800,1005,1013,5.7,24.4,8.3,1644771600,209,11.3,13.9,9.4,1644757200,1644789600,80,8.0,48,21.8,21.8,0,0,45,1074,141,3394,546,276,6622,827,33,782,101,1.3
91,A Coruña,2022-02-14,1644793200,1013,1021,5.0,15.6,7.7,1644832800,269,11.2,13.5,9.4,1644847200,1644807600,75,6.9,48,15.0,15.0,0,0,118,2831,143,3443,552,278,6669,830,33,789,101,2.2
92,A Coruña,2022-02-15,1644879600,1019,1027,4.5,14.4,5.8,1644962400,218,11.6,14.2,9.2,1644937200,1644908400,75,7.2,63,6.0,6.0,0,0,36,867,146,3494,558,280,6717,832,33,797,102,1.0
93,A Coruña,2022-02-16,1644966000,1019,1027,5.1,14.8,6.3,1645016400,228,14.3,15.9,12.8,1645009200,1644966000,83,11.4,63,3.3,3.3,0,0,40,955,148,3545,564,282,6769,834,34,805,102,1.0
94,A Coruña,2022-02-17,1645052400,1018,1026,3.4,12.0,5.9,1645113600,195,14.5,16.4,13.4,1645106400,1645081200,76,10.2,84,1.0,1.0,0,0,52,1242,150,3597,569,284,6823,836,34,813,102,1.1
95,A Coruña,2022-02-18,1645138800,1014,1022,4.6,14.0,7.1,1645218000,269,11.2,14.1,8.7,1645142400,1645218000,78,7.4,76,7.0,7.0,0,0,53,1279,152,3650,575,287,6880,838,34,821,103,1.4
96,A Coruña,2022-02-19,1645225200,1021,1029,1.9,8.4,3.7,1645236000,184,10.0,12.9,6.5,1645275600,1645254000,73,5.4,61,1.8,1.8,0,0,135,3232,154,3703,581,289,6938,840,35,828,103,2.8
97,A Coruña,2022-02-20,1645311600,1023,1031,2.6,9.2,4.3,1645376400,237,12.3,15.0,10.6,1645362000,1645318800,85,9.8,64,1.0,1.0,0,0,60,1435,157,3757,587,292,6997,843,35,836,104,1.5
98,A Coruña,2022-02-21,1645398000,1024,1032,2.7,6.8,3.6,1645448400,228,12.3,14.9,10.0,1645444800,1645480800,88,10.4,38,0.8,0.8,0,0,141,3394,159,3811,593,294,7055,845,35,843,104,3.2
99,A Coruña,2022-02-22,1645484400,1023,1031,2.3,8.8,4.7,1645556400,220,9.9,13.4,6.0,1645534800,1645513200,83,7.2,2,0.0,0.0,0,0,161,3866,161,3866,599,296,7114,847,35,850,104,3.7
100,A Coruña,2022-02-23,1645570800,1016,1024,2.3,8.8,5.3,1645646400,205,10.0,13.4,6.4,1645624800,1645596000,75,5.8,68,1.0,1.0,0,0,44,1051,163,3922,604,299,7171,849,36,858,105,1.2
101,A Coruña,2022-02-24,1645657200,1017,1025,3.1,13.2,7.3,1645718400,122,10.7,14.2,8.4,1645704000,1645678800,80,7.4,67,0.3,0.3,0,0,88,2116,166,3977,610,301,7228,851,36,865,105,1.6
102,A Coruña,2022-02-25,1645743600,1018,1026,6.2,16.0,8.4,1645765200,66,11.2,14.2,9.5,1645797600,1645826400,69,5.7,31,0.0,0.0,0,0,168,4032,168,4034,616,303,7283,853,36,872,106,3.8
103,A Coruña,2022-02-26,1645830000,1011,1019,2.1,8.0,3.3,1645884000,198,11.2,16.3,6.0,1645876800,1645855200,66,4.7,15,0.0,0.0,0,0,158,3798,170,4090,622,306,7338,855,37,878,106,2.5
104,A Coruña,2022-02-27,1645916400,1014,1022,2.0,8.8,3.4,1645966800,222,11.6,12.8,9.6,1645974000,1645934400,83,8.8,74,4.5,4.5,0,0,48,1145,173,4147,628,308,7392,856,37,885,106,1.2
105,A Coruña,2022-02-28,1646002800,1016,1024,2.5,8.8,4.0,1646064000,170,13.8,18.3,10.5,1646060400,1646020800,69,7.9,65,8.8,8.8,0,0,60,1435,175,4204,634,310,7444,858,37,892,107,1.3
106,A Coruña,2022-03-01,1646089200,1014,1022,3.4,15.2,5.9,1646136000,183,13.3,15.3,11.0,1646136000,1646172000,74,8.8,72,14.0,14.0,0,0,53,1262,180,4319,646,314,7546,862,38,905,107,1.5
107,A Coruña,2022-03-02,1646175600,1013,1021,6.3,13.2,7.6,1646179200,234,12.1,13.5,10.9,1646222400,1646175600,88,10.1,70,10.0,10.0,0,0,58,1398,182,4376,652,316,7596,864,38,911,108,1.9
108,A Coruña,2022-03-03,1646262000,1013,1021,5.7,14.0,8.4,1646341200,316,11.0,12.9,9.1,1646265600,1646341200,80,7.5,51,26.5,26.5,0,0,145,3481,185,4434,657,318,7644,865,38,918,108,2.9
109,A Coruña,2022-03-04,1646348400,1018,1026,4.1,11.2,7.8,1646362800,243,10.1,12.2,7.7,1646398800,1646431200,65,3.8,31,0.0,0.0,0,0,156,3732,187,4492,663,320,7691,867,38,924,108,3.3
110,A Coruña,2022-03-05,1646434800,1013,1021,5.2,13.6,8.4,1646434800,81,9.2,13.9,5.7,1646485200,1646463600,66,3.1,37,0.0,0.0,0,0,133,3190,190,4550,669,322,7737,869,39,930,109,3.4
111,A Coruña,2022-03-06,1646521200,1013,1021,5.7,11.6,6.8,1646571600,42,8.9,10.9,7.0,1646571600,1646550000,72,4.0,50,0.0,0.0,0,0,186,4472,192,4608,675,324,7782,870,39,936,109,3.8
112,A Coruña,2022-03-07,1646607600,1005,1013,3.3,12.4,5.3,1646676000,146,8.9,14.9,3.6,1646654400,1646632800,69,3.1,41,4.8,4.8,0,0,173,4140,194,4666,681,326,7826,872,39,942,109,4.9
113,A Coruña,2022-03-08,1646694000,1004,1013,3.9,16.0,5.3,1646744400,216,11.4,14.5,9.3,1646748000,1646701200,70,6.1,41,3.8,3.8,0,0,161,3873,197,4724,686,328,7869,874,40,949,110,4.3
114,A Coruña,2022-03-09,1646780400,1006,1014,4.4,20.8,7.8,1646823600,221,11.7,15.7,9.4,1646820000,1646863200,78,7.9,53,28.8,28.8,0,0,48,1153,199,4783,692,330,7915,875,40,958,110,1.6
115,A Coruña,2022-03-10,1646866800,1005,1013,3.7,22.0,7.1,1646920800,179,10.8,16.4,5.6,1646920800,1646892000,78,7.1,77,6.3,6.3,0,0,100,2389,202,4842,698,332,7968,877,40,966,110,2.2
116,A Coruña,2022-03-11,1646953200,1002,1010,4.8,20.8,7.5,1647000000,219,11.0,14.0,9.1,1647000000,1647036000,74,6.5,42,15.8,15.8,0,0,172,4116,204,4901,703,334,8024,878,41,974,111,4.1
117,A Coruña,2022-03-12,1647039600,1001,1009,4.9,20.4,7.3,1647097200,204,10.9,15.3,8.4,1647086400,1647050400,73,6.2,50,13.0,13.0,0,0,134,3208,207,4961,709,337,8083,880,41,982,111,4.0
118,A Coruña,2022-03-13,1647126000,1003,1011,3.3,18.4,5.3,1647169200,183,9.1,13.2,7.1,1647176400,1647151200,79,5.6,55,13.5,13.5,0,0,100,2404,209,5021,715,339,8142,881,41,990,111,3.2
119,A Coruña,2022-03-14,1647212400,1005,1013,3.6,14.0,6.8,1647262800,83,11.0,15.3,7.8,1647262800,1647241200,80,7.7,21,6.3,6.3,0,0,167,4004,212,5081,720,342,8200,882,42,997,112,5.5
120,A Coruña,2022-03-15,1647298800,1007,1015,2.9,10.0,6.8,1647367200,178,12.1,13.9,9.8,1647352800,1647324000,86,9.8,30,1.3,1.3,0,0,191,4586,214,5141,726,344,8258,884,42,1005,112,5.0
121,A Coruña,2022-03-16,1647385200,1014,1023,5.8,14.4,7.7,1647446400,252,12.0,12.6,11.0,1647435600,1647468000,85,9.4,64,3.5,3.5,0,0,162,3882,217,5201,731,346,8315,885,42,1012,112,3.8
122,A Coruña,2022-03-17,1647471600,1022,1030,7.0,15.6,8.6,1647522000,53,11.6,14.5,9.8,1647525600,1647496800,63,4.6,9,0.0,0.0,0,0,218,5232,219,5261,737,349,8370,886,42,1019,113,5.8
123,A Coruña,2022-03-18,1647558000,1018,1026,4.0,15.6,5.7,1647579600,74,12.8,17.4,9.3,1647612000,1647576000,59,4.7,5,0.0,0.0,0,0,222,5321,222,5321,742,351,8424,888,43,1026,113,5.9
124,A Coruña,2022-03-19,1647644400,1013,1021,2.3,6.0,3.4,1647676800,145,15.3,21.2,11.1,1647691200,1647662400,63,8.0,29,0.5,0.5,0,0,210,5041,224,5381,747,353,8476,889,43,1032,113,4.8
125,A Coruña,2022-03-20,1647730800,1009,1017,1.9,5.6,3.6,1647781200,165,16.2,21.1,14.7,1647781200,1647813600,60,8.4,65,1.5,1.5,0,0,79,1908,227,5440,753,355,8527,890,43,1039,113,2.2
126,A Coruña,2022-03-21,1647817200,1007,1015,2.1,8.0,4.1,1647860400,187,15.0,19.6,12.1,1647860400,1647900000,65,8.3,49,3.8,3.8,0,0,174,4179,229,5500,758,357,8576,891,44,1045,114,3.7
127,A Coruña,2022-03-22,1647903600,1007,1015,2.6,9.6,4.9,1647946800,173,14.4,17.9,11.6,1647954000,1647907200,71,9.1,70,3.8,3.8,0,0,119,2865,232,5559,763,359,8624,892,44,1051,114,3.5
128,A Coruña,2022-03-23,1647990000,1010,1018,2.2,8.4,4.0,1648044000,167,13.4,16.1,11.1,1648036800,1648008000,82,10.3,39,14.5,14.5,0,0,113,2722,234,5618,768,361,8670,894,44,1057,114,2.3
129,A Coruña,2022-03-24,1648076400,1011,1019,3.3,13.2,6.5,1648144800,95,13.6,18.9,9.3,1648126800,1648101600,68,7.2,5,0.0,0.0,0,0,236,5665,237,5677,773,363,8715,895,44,1063,114,6.3
130,A Coruña,2022-03-25,1648162800,1009,1017,1.8,9.2,3.4,1648162800,148,12.9,16.2,9.4,1648209600,1648184400,75,8.6,50,3.0,3.0,0,0,139,3345,239,5735,778,365,8759,896,45,1069,115,3.2
131,A Coruña,2022-03-26,1648249200,1009,1017,2.0,5.6,3.5,1648306800,174,15.0,19.4,12.9,1648299600,1648270800,73,10.1,80,4.8,4.8,0,0,78,1863,241,5793,783,367,8801,897,45,1075,115,2.1
132,A Coruña,2022-03-27,1648335600,1011,1019,1.7,4.8,3.5,1648393200,194,15.2,20.6,11.9,1648378800,1648357200,73,10.2,43,3.0,3.0,0,0,244,5621,254,5851,788,384,8842,898,47,1080,115,5.3
133,A Coruña,2022-03-28,1648418400,1009,1018,1.7,4.4,2.8,1648483200,184,14.5,18.3,12.4,1648465200,1648440000,82,11.4,42,4.3,4.3,0,0,134,3220,246,5908,793,370,8882,899,45,1086,115,4.2
134,A Coruña,2022-03-29,1648504800,1005,1013,2.6,8.0,4.9,1648569600,277,12.7,14.1,12.0,1648555200,1648584000,81,9.5,81,5.3,5.3,0,0,118,2829,249,5965,798,372,8920,900,45,1091,116,2.6
135,A Coruña,2022-03-30,1648591200,1003,1011,3.0,7.6,4.4,1648648800,329,12.9,15.0,11.6,1648641600,1648605600,77,8.9,42,0.0,0.0,0,0,243,5825,251,6021,802,373,8957,901,46,1096,116,5.2
136,A Coruña,2022-03-31,1648677600,1002,1010,4.5,12.4,7.4,1648753200,245,11.9,14.5,9.9,1648731600,1648760400,83,9.0,70,15.3,15.3,0,0,69,1655,253,6077,807,375,8993,901,46,1102,116,2.5
137,A Coruña,2022-04-01,1648764000,1013,1022,4.6,12.4,7.1,1648764000,76,9.4,11.8,7.5,1648814400,1648792800,60,2.0,42,1.8,1.8,0,0,229,5500,256,6133,811,376,9029,902,46,1107,116,5.2
138,A Coruña,2022-04-02,1648850400,1016,1024,3.9,10.8,7.8,1648915200,79,9.2,12.5,5.3,1648900800,1648875600,63,2.4,32,0.0,0.0,0,0,221,5315,258,6188,816,378,9063,903,46,1112,117,4.8
139,A Coruña,2022-04-03,1648936800,1014,1022,4.6,15.2,8.4,1649016000,81,8.8,12.7,5.6,1648983600,1648965600,65,2.4,23,0.0,0.0,0,0,255,6111,260,6243,820,379,9096,904,47,1118,117,5.2
140,A Coruña,2022-04-04,1649023200,1013,1021,6.5,15.6,9.9,1649088000,67,8.8,11.5,7.1,1649080800,1649030400,60,1.5,46,0.5,0.5,0,0,193,4636,262,6297,825,380,9131,905,47,1125,117,3.4
141,A Coruña,2022-04-05,1649109600,1009,1018,5.2,14.0,7.1,1649174400,58,9.8,14.5,6.8,1649160000,1649131200,63,3.0,5,0.0,0.0,0,0,265,6351,265,6351,829,382,9169,905,47,1131,117,7.1
142,A Coruña,2022-04-06,1649196000,1009,1017,3.4,10.8,7.4,1649257200,173,11.7,16.0,8.2,1649253600,1649217600,72,6.7,46,2.8,2.8,0,0,145,3485,267,6405,833,384,9208,906,47,1138,117,5.5
143,A Coruña,2022-04-07,1649282400,1009,1017,6.9,19.2,9.0,1649318400,215,13.9,15.5,12.2,1649329200,1649289600,77,9.9,47,20.0,20.0,0,0,57,1370,269,6458,837,385,9248,907,48,1144,118,2.3
144,A Coruña,2022-04-08,1649368800,1007,1015,5.8,20.4,8.5,1649394000,243,14.4,17.1,12.1,1649419200,1649451600,81,11.1,58,12.0,12.0,0,0,97,2316,271,6511,842,387,9289,907,48,1149,118,3.1
145,A Coruña,2022-04-09,1649455200,1010,1018,1.8,5.2,2.6,1649534400,113,13.1,17.0,9.1,1649502000,1649484000,79,9.4,28,0.8,0.8,0,0,177,4246,273,6564,846,389,9329,908,48,1155,118,6.3
146,A Coruña,2022-04-10,1649541600,1000,1008,3.0,11.2,6.0,1649595600,174,14.9,21.5,11.7,1649595600,1649566800,72,9.9,56,0.8,0.8,0,0,213,5116,276,6616,850,390,9369,909,48,1161,118,5.0
147,A Coruña,2022-04-11,1649628000,993,1000,5.0,13.6,7.6,1649635200,187,14.7,17.1,13.0,1649678400,1649710800,71,9.5,59,14.8,14.8,0,0,179,4294,278,6667,853,392,9409,909,49,1167,118,3.4
148,A Coruña,2022-04-12,1649714400,997,1005,3.9,13.6,7.0,1649772000,201,14.6,18.6,12.2,1649768400,1649732400,74,9.9,30,8.8,8.8,0,0,245,5878,280,6719,857,394,9451,910,49,1175,118,5.3
149,A Coruña,2022-04-13,1649800800,1009,1017,3.4,9.2,4.9,1649862000,278,13.7,16.5,12.2,1649854800,1649829600,86,11.3,83,3.0,3.0,0,0,126,3017,282,6770,861,396,9498,910,49,1183,119,4.0
150,A Coruña,2022-04-14,1649887200,1013,1021,2.1,6.4,3.5,1649952000,216,13.3,15.5,10.6,1649934000,1649916000,80,9.8,32,0.3,0.3,0,0,186,4466,284,6822,865,398,9550,911,50,1190,119,4.9
151,A Coruña,2022-04-15,1649973600,1015,1023,2.0,7.6,3.4,1650024000,167,13.8,16.7,10.0,1650031200,1649998800,82,10.7,11,0.0,0.0,0,0,286,6859,286,6873,868,400,9602,912,50,1197,119,7.8
152,A Coruña,2022-04-16,1650060000,1016,1024,2.0,8.0,4.4,1650110400,222,13.1,15.3,11.1,1650110400,1650092400,90,11.6,65,0.0,0.0,0,0,165,3951,288,6923,872,402,9656,912,50,1204,119,4.7
153,A Coruña,2022-04-17,1650146400,1015,1023,3.1,7.6,4.8,1650164400,155,13.4,15.5,12.5,1650200400,1650164400,84,10.7,94,0.8,0.8,0,0,103,2467,291,6973,875,405,9708,912,50,1210,119,3.8
154,A Coruña,2022-04-18,1650232800,1014,1022,5.3,12.8,6.6,1650243600,150,12.7,13.4,12.0,1650290400,1650308400,84,10.1,87,2.3,2.3,0,0,90,2164,293,7023,879,407,9759,913,51,1217,119,2.5
155,A Coruña,2022-04-19,1650319200,1013,1021,5.0,13.6,6.2,1650337200,318,11.7,13.2,10.0,1650362400,1650402000,73,7.0,41,5.8,5.8,0,0,243,5828,295,7072,882,409,9810,913,51,1223,119,5.7
156,A Coruña,2022-04-20,1650405600,1011,1019,4.9,12.0,7.1,1650474000,276,11.6,14.3,9.2,1650459600,1650430800,71,6.4,47,0.5,0.5,0,0,281,6734,297,7121,885,411,9858,914,51,1229,120,5.9
157,A Coruña,2022-04-21,1650492000,1001,1009,3.1,10.4,4.8,1650502800,192,12.2,16.5,9.5,1650546000,1650524400,69,6.5,68,10.3,10.3,0,0,94,2258,299,7169,888,413,9905,914,51,1234,120,2.6
158,A Coruña,2022-04-22,1650578400,988,996,2.9,9.6,4.7,1650582000,198,11.3,15.1,9.0,1650625200,1650607200,75,6.9,51,14.0,14.0,0,0,182,4367,301,7216,892,415,9951,915,52,1240,120,3.7
159,A Coruña,2022-04-23,1650664800,994,1002,4.8,13.6,7.0,1650733200,259,12.4,14.8,10.2,1650718800,1650675600,74,7.8,69,9.3,9.3,0,0,89,2144,303,7263,895,416,9995,915,52,1245,120,2.7
160,A Coruña,2022-04-24,1650751200,1003,1011,2.6,9.2,4.4,1650801600,196,13.5,17.3,10.9,1650801600,1650762000,78,9.7,54,1.0,1.0,0,0,215,5148,305,7309,898,418,10037,915,52,1251,120,5.8
161,A Coruña,2022-04-25,1650837600,1003,1011,2.4,5.7,5.0,1650895200,180,14.9,20.0,9.9,1650888000,1650862800,70,9.0,35,2.8,2.8,0,0,262,6294,306,7355,901,420,10078,916,52,1256,120,4.7
162,A Coruña,2022-04-26,1650924000,1004,1012,2.0,7.2,3.1,1650945600,141,15.5,18.5,13.7,1650981600,1650945600,69,9.8,54,14.3,14.3,0,0,256,6132,308,7400,903,422,10117,916,53,1260,120,6.3
163,A Coruña,2022-04-27,1651010400,1009,1017,1.8,6.8,3.5,1651046400,182,13.8,17.7,12.1,1651053600,1651039200,85,11.3,39,39.0,39.0,0,0,176,4222,310,7444,906,423,10155,916,53,1265,120,3.7
164,A Coruña,2022-04-28,1651096800,1016,1024,3.3,9.6,7.8,1651165200,193,13.8,16.3,11.6,1651143600,1651122000,86,11.5,38,6.0,6.0,0,0,277,6658,312,7487,909,425,10191,916,53,1270,120,7.3
165,A Coruña,2022-04-29,1651183200,1018,1026,2.1,8.8,3.4,1651237200,175,14.7,19.4,10.0,1651244400,1651208400,79,11.1,16,0.0,0.0,0,0,273,6553,314,7530,912,426,10226,917,53,1274,121,7.3
166,A Coruña,2022-04-30,1651269600,1015,1023,2.0,8.4,3.2,1651338000,215,15.8,20.2,12.0,1651330800,1651294800,79,12.0,34,0.0,0.0,0,0,277,6659,315,7571,914,427,10260,917,53,1278,121,6.3
167,A Coruña,2022-05-01,1651356000,1015,1023,2.3,8.4,3.6,1651417200,230,13.7,15.6,12.6,1651410000,1651384800,84,10.9,77,0.0,0.0,0,0,116,2794,317,7613,917,429,10292,917,53,1283,121,3.2
168,A Coruña,2022-05-02,1651442400,1010,1019,3.7,10.8,5.8,1651507200,123,13.5,15.2,12.4,1651496400,1651460400,78,9.7,51,0.5,0.5,0,0,135,3244,319,7653,919,430,10324,917,54,1287,121,3.0
169,A Coruña,2022-05-03,1651528800,1011,1019,5.1,13.2,7.4,1651590000,26,13.7,16.0,12.3,1651579200,1651564800,84,11.0,54,1.0,1.0,0,0,261,6253,321,7692,921,431,10354,917,54,1291,121,5.7
170,A Coruña,2022-05-04,1651615200,1014,1022,5.1,12.0,7.4,1651672800,61,14.1,17.4,12.2,1651662000,1651636800,77,10.0,33,0.0,0.0,0,0,205,4908,322,7731,924,433,10383,918,54,1294,121,4.8
171,A Coruña,2022-05-05,1651701600,1016,1025,4.4,11.2,7.5,1651755600,132,14.6,16.7,12.5,1651748400,1651708800,78,10.7,34,0.0,0.0,0,0,322,7733,324,7769,926,434,10411,918,54,1298,121,8.3
172,A Coruña,2022-05-06,1651788000,1017,1025,3.8,12.0,7.1,1651842000,89,15.0,18.5,11.8,1651831200,1651813200,74,10.2,49,0.0,0.0,0,0,180,4321,325,7806,928,435,10438,918,54,1302,121,3.7
173,A Coruña,2022-05-07,1651874400,1014,1022,2.0,10.0,3.4,1651874400,171,17.0,22.3,11.5,1651924800,1651899600,66,10.4,60,0.0,0.0,0,0,174,4177,327,7843,930,436,10463,918,54,1305,121,4.3
174,A Coruña,2022-05-08,1651960800,1012,1020,1.6,9.6,2.6,1652029200,189,17.9,22.5,13.3,1652022000,1651982400,67,11.4,29,0.0,0.0,0,0,322,7727,328,7878,932,437,10488,918,55,1308,121,9.2
175,A Coruña,2022-05-09,1652047200,1013,1020,2.4,6.0,4.2,1652101200,189,17.0,21.9,13.6,1652094000,1652130000,67,10.5,74,0.0,0.0,0,0,190,4552,330,7913,935,438,10512,918,55,1312,121,8.6
176,A Coruña,2022-05-10,1652133600,1014,1022,1.9,6.4,3.5,1652184000,252,14.8,17.8,13.1,1652184000,1652151600,80,11.3,60,0.0,0.0,0,0,269,6446,331,7947,936,439,10535,919,55,1315,121,8.6
177,A Coruña,2022-05-11,1652220000,1012,1020,2.5,8.4,4.7,1652274000,223,15.4,20.0,13.3,1652270400,1652241600,82,12.3,76,0.0,0.0,0,0,203,4883,332,7980,938,440,10557,919,55,1318,121,4.9
178,A Coruña,2022-05-12,1652306400,1012,1020,3.9,12.4,6.0,1652356800,61,15.7,17.3,14.3,1652356800,1652320800,82,12.6,67,2.5,2.5,0,0,165,3954,334,8012,940,441,10578,919,55,1321,122,4.3
179,A Coruña,2022-05-13,1652392800,1012,1020,1.9,10.0,3.5,1652443200,169,17.0,20.0,13.5,1652461200,1652418000,79,13.2,33,0.0,0.0,0,0,276,6612,335,8043,942,442,10598,919,55,1324,122,7.6
180,A Coruña,2022-05-14,1652479200,1006,1014,2.1,7.2,4.4,1652533200,158,20.1,28.9,15.2,1652536800,1652504400,66,13.2,71,4.5,4.5,0,0,213,5120,336,8074,944,442,10618,919,55,1326,122,5.8
181,A Coruña,2022-05-15,1652565600,1003,1011,4.3,16.8,6.1,1652619600,186,18.9,20.8,17.5,1652565600,1652648400,68,12.8,64,4.0,4.0,0,0,187,4498,338,8104,945,443,10637,919,55,1329,122,3.7
182,A Coruña,2022-05-16,1652652000,1007,1015,4.9,15.2,7.5,1652716800,188,18.8,22.3,15.2,1652713200,1652677200,68,12.5,37,1.8,1.8,0,0,255,6109,339,8132,947,444,10655,919,55,1331,122,4.5
183,A Coruña,2022-05-17,1652738400,1009,1017,3.4,17.2,5.5,1652781600,200,17.9,19.7,15.5,1652778000,1652785200,79,14.2,67,1.0,1.0,0,0,133,3185,340,8160,949,445,10672,919,56,1334,122,3.7
184,A Coruña,2022-05-18,1652824800,1010,1018,2.4,8.4,5.6,1652893200,228,16.5,19.1,14.6,1652882400,1652853600,82,13.3,69,0.8,0.8,0,0,146,3499,341,8187,950,445,10688,919,56,1336,122,4.3
185,A Coruña,2022-05-19,1652911200,1011,1019,2.0,8.0,3.6,1652972400,213,16.0,17.9,13.6,1652965200,1652936400,86,13.5,42,0.0,0.0,0,0,169,4055,342,8214,952,446,10704,919,56,1338,122,3.3
186,A Coruña,2022-05-20,1652997600,1013,1021,3.5,11.6,7.5,1653058800,251,16.8,19.4,14.4,1653037200,1653022800,85,14.2,45,0.5,0.5,0,0,335,8045,343,8239,953,447,10719,919,56,1341,122,9.3
187,A Coruña,2022-05-21,1653084000,1007,1015,1.9,10.8,3.5,1653091200,177,19.0,22.8,15.4,1653145200,1653105600,79,15.2,69,7.5,7.5,0,0,106,2534,344,8264,954,447,10733,919,56,1343,122,3.0
188,A Coruña,2022-05-22,1653170400,1006,1014,2.8,8.4,5.1,1653231600,239,17.8,22.7,15.3,1653170400,1653253200,86,15.4,56,29.8,29.8,0,0,71,1702,345,8287,956,448,10747,919,56,1345,122,3.1
189,A Coruña,2022-05-23,1653256800,1007,1015,3.7,10.4,5.3,1653314400,255,15.6,18.3,13.8,1653318000,1653285600,82,12.5,59,0.5,0.5,0,0,308,7401,346,8310,957,448,10760,919,56,1347,122,6.6
190,A Coruña,2022-05-24,1653343200,1010,1018,3.4,10.0,5.3,1653404400,279,14.7,17.7,13.0,1653404400,1653364800,79,11.1,54,2.8,2.8,0,0,246,5903,347,8332,958,449,10772,919,56,1348,122,5.8
191,A Coruña,2022-05-25,1653429600,1017,1025,2.6,7.2,4.8,1653501600,286,15.5,18.2,12.5,1653483600,1653451200,80,12.0,37,0.0,0.0,0,0,288,6908,348,8354,959,449,10784,919,56,1350,122,6.3
192,A Coruña,2022-05-26,1653516000,1018,1026,3.7,12.4,6.5,1653573600,195,16.3,18.6,13.5,1653559200,1653541200,79,12.7,23,0.0,0.0,0,0,347,8321,349,8374,960,450,10795,919,56,1353,122,9.5
193,A Coruña,2022-05-27,1653602400,1014,1022,3.2,14.8,5.7,1653674400,111,18.5,23.8,13.7,1653649200,1653624000,71,12.9,7,0.0,0.0,0,0,349,8382,350,8394,961,450,10806,919,56,1355,122,9.8
194,A Coruña,2022-05-28,1653688800,1006,1013,2.7,13.6,4.1,1653735600,70,20.5,27.5,14.6,1653746400,1653710400,65,13.3,35,0.0,0.0,0,0,284,6809,351,8412,962,451,10818,919,57,1358,122,6.9
195,A Coruña,2022-05-29,1653775200,1001,1009,2.9,11.2,7.3,1653825600,180,18.3,21.5,15.7,1653822000,1653796800,76,13.9,33,0.0,0.0,0,0,316,7590,351,8431,963,451,10831,919,57,1361,122,7.4
196,A Coruña,2022-05-30,1653861600,1002,1010,1.5,4.8,2.7,1653919200,137,17.1,19.5,15.2,1653915600,1653876000,82,13.9,97,1.8,1.8,0,0,84,2018,352,8448,964,452,10844,919,57,1365,122,3.1
197,A Coruña,2022-05-31,1653948000,1004,1012,1.4,7.6,2.1,1654030800,118,17.6,19.8,15.2,1654012800,1653973200,90,15.9,63,13.0,13.0,0,0,120,2882,353,8465,965,452,10858,919,57,1368,122,4.4
198,A Coruña,2022-06-01,1654034400,1004,1012,2.2,8.8,4.2,1654099200,167,19.2,22.9,17.3,1654084800,1654074000,80,15.4,58,16.8,16.8,0,0,210,5038,353,8481,966,453,10872,919,57,1370,122,5.3
199,A Coruña,2022-06-02,1654120800,1005,1013,2.4,9.2,4.1,1654174800,191,17.8,19.9,15.9,1654178400,1654131600,80,14.3,45,1.8,1.8,0,0,332,7967,354,8496,967,454,10887,919,57,1373,122,7.8
200,A Coruña,2022-06-03,1654207200,1006,1014,2.3,8.0,4.0,1654275600,216,17.6,20.3,15.7,1654243200,1654290000,85,14.9,46,15.0,15.0,0,0,245,5891,355,8510,967,454,10901,919,57,1376,122,6.1
201,A Coruña,2022-06-04,1654293600,1009,1017,2.5,7.6,4.5,1654340400,285,16.7,18.9,15.1,1654351200,1654315200,86,14.3,56,0.3,0.3,0,0,270,6478,355,8524,968,455,10915,919,57,1378,122,6.9
202,A Coruña,2022-06-05,1654380000,1013,1021,3.0,9.6,6.7,1654426800,250,17.5,19.9,15.1,1654437600,1654401600,77,13.2,50,0.8,0.8,0,0,210,5040,356,8537,969,455,10929,919,57,1380,122,5.4
203,A Coruña,2022-06-06,1654466400,1012,1020,4.6,11.2,8.4,1654531200,226,17.6,19.5,16.1,1654524000,1654549200,80,14.2,57,3.5,3.5,0,0,96,2302,356,8549,969,456,10942,919,58,1382,122,3.4
204,A Coruña,2022-06-07,1654552800,1012,1020,2.9,10.8,5.1,1654614000,196,19.1,24.7,13.9,1654603200,1654574400,72,13.7,44,1.5,1.5,0,0,119,2859,357,8560,970,456,10955,919,58,1384,122,3.9
205,A Coruña,2022-06-08,1654639200,1011,1019,3.4,10.4,6.1,1654693200,254,18.4,20.2,16.8,1654693200,1654722000,88,16.4,75,0.8,0.8,0,0,65,1566,357,8570,970,457,10966,919,58,1385,122,3.2
206,A Coruña,2022-06-09,1654725600,1015,1023,1.9,6.8,3.9,1654783200,233,17.9,21.0,16.4,1654772400,1654740000,88,15.7,57,0.0,0.0,0,0,274,6577,357,8580,971,457,10977,919,58,1387,122,9.2
207,A Coruña,2022-06-10,1654812000,1015,1023,3.5,9.6,5.1,1654887600,288,17.4,19.1,16.4,1654873200,1654830000,86,15.1,73,1.0,1.0,0,0,240,5749,358,8588,971,458,10987,919,58,1388,122,4.1
208,A Coruña,2022-06-11,1654898400,1014,1022,5.6,14.0,8.0,1654966800,36,17.4,18.6,16.6,1654952400,1654981200,89,15.5,57,0.0,0.0,0,0,203,4880,358,8596,971,458,10996,918,58,1389,122,4.6
209,A Coruña,2022-06-12,1654984800,1014,1021,7.0,16.8,8.0,1655042400,40,18.0,21.0,16.3,1655035200,1654999200,82,14.9,73,0.0,0.0,0,0,271,6494,358,8603,972,459,11004,918,58,1390,122,6.3
210,A Coruña,2022-06-13,1655071200,1009,1017,5.5,16.0,7.5,1655082000,59,20.4,25.0,17.3,1655128800,1655082000,75,15.8,32,0.0,0.0,0,0,320,7668,359,8609,972,459,11011,918,58,1391,122,7.4
211,A Coruña,2022-06-14,1655157600,1006,1014,2.6,9.6,5.5,1655215200,177,20.1,24.1,17.6,1655204400,1655179200,80,16.5,12,0.0,0.0,0,0,358,8593,359,8614,972,459,11017,918,58,1392,122,9.7
212,A Coruña,2022-06-15,1655244000,1008,1015,2.2,7.2,6.0,1655323200,134,19.5,25.6,17.2,1655312400,1655265600,86,17.1,92,11.8,11.8,0,0,52,1245,359,8618,973,459,11022,918,58,1392,122,3.1
213,A Coruña,2022-06-16,1655330400,1009,1017,2.1,8.8,3.4,1655330400,189,21.2,25.6,17.6,1655366400,1655334000,76,16.5,60,5.3,5.3,0,0,171,4092,359,8621,973,459,11026,918,58,1393,122,4.5
214,A Coruña,2022-06-17,1655416800,1009,1017,2.0,9.2,3.4,1655478000,228,19.8,23.5,17.3,1655456400,1655434800,82,16.5,78,5.0,5.0,0,0,133,3186,359,8623,973,460,11029,918,58,1393,122,3.8
215,A Coruña,2022-06-18,1655503200,1006,1013,3.0,11.6,7.5,1655568000,232,19.1,24.0,16.8,1655553600,1655586000,80,15.5,67,2.3,2.3,0,0,287,6898,359,8625,973,460,11031,918,58,1393,122,8.6
216,A Coruña,2022-06-19,1655589600,1004,1012,4.2,17.2,6.5,1655632800,271,15.7,17.7,13.5,1655622000,1655672400,85,13.2,77,9.3,9.3,0,0,99,2382,359,8626,973,460,11032,918,58,1393,122,3.9
217,A Coruña,2022-06-20,1655676000,1005,1013,3.1,9.2,5.1,1655737200,271,14.6,17.1,12.9,1655737200,1655697600,92,13.3,75,14.5,14.5,0,0,69,1652,359,8625,973,460,11032,918,58,1393,122,3.1
218,A Coruña,2022-06-21,1655762400,1005,1013,2.2,7.2,3.6,1655820000,168,16.2,18.7,13.9,1655802000,1655784000,83,13.2,57,9.5,9.5,0,0,148,3555,359,8624,973,460,11031,918,58,1393,122,3.7
219,A Coruña,2022-06-22,1655848800,1004,1012,2.2,7.2,4.3,1655899200,267,17.1,21.5,15.0,1655895600,1655870400,84,14.4,74,3.0,3.0,0,0,202,4841,359,8622,973,460,11029,917,58,1393,122,4.7
220,A Coruña,2022-06-23,1655935200,1006,1014,3.3,10.4,5.9,1655992800,260,16.9,19.7,15.6,1655992800,1655960400,82,13.8,58,2.8,2.8,0,0,240,5752,359,8620,973,459,11026,917,58,1392,122,6.1
221,A Coruña,2022-06-24,1656021600,1007,1015,4.2,15.6,6.2,1656072000,228,17.2,20.3,15.6,1656075600,1656104400,77,13.1,76,5.5,5.5,0,0,73,1762,359,8616,972,459,11022,917,58,1391,122,3.1
222,A Coruña,2022-06-25,1656108000,1007,1015,4.8,11.6,7.9,1656165600,251,16.1,19.1,13.5,1656162000,1656129600,70,10.4,33,0.0,0.0,0,0,347,8318,359,8611,972,459,11018,917,58,1390,122,7.3
223,A Coruña,2022-06-26,1656194400,1009,1017,3.5,8.8,5.3,1656241200,263,15.9,19.4,13.1,1656252000,1656216000,67,9.6,22,0.0,0.0,0,0,343,8232,359,8606,972,459,11013,917,58,1389,122,7.6
224,A Coruña,2022-06-27,1656280800,1015,1023,2.4,8.0,4.4,1656334800,243,16.1,18.9,12.7,1656334800,1656302400,67,9.8,40,0.0,0.0,0,0,232,5575,358,8600,972,459,11007,917,58,1388,122,4.5
225,A Coruña,2022-06-28,1656367200,1013,1021,3.0,9.2,7.1,1656432000,226,17.6,21.9,12.2,1656424800,1656388800,69,11.7,39,2.5,2.5,0,0,281,6754,358,8593,971,458,11001,917,58,1387,122,7.5
226,A Coruña,2022-06-29,1656453600,1011,1019,3.6,9.2,5.3,1656514800,279,16.6,19.3,14.8,1656511200,1656453600,75,11.9,48,3.3,3.3,0,0,195,4673,358,8585,971,458,10994,917,58,1386,122,7.1
227,A Coruña,2022-06-30,1656540000,1011,1019,2.8,7.2,4.9,1656594000,279,16.6,19.6,14.3,1656597600,1656558000,70,11.1,48,0.0,0.0,0,0,314,7542,357,8576,971,458,10987,917,58,1384,122,5.8
228,A Coruña,2022-07-01,1656626400,1011,1019,2.3,8.8,4.0,1656676800,211,17.6,21.1,13.0,1656687600,1656648000,74,12.6,12,0.0,0.0,0,0,348,8345,357,8566,970,457,10979,916,58,1382,122,10.1
229,A Coruña,2022-07-02,1656712800,1011,1019,4.1,13.2,8.1,1656774000,108,18.1,20.0,15.2,1656766800,1656734400,78,14.1,56,0.0,0.0,0,0,189,4541,356,8556,970,457,10971,916,58,1381,122,4.3
230,A Coruña,2022-07-03,1656799200,1013,1021,5.7,16.0,7.9,1656846000,37,18.0,21.1,16.7,1656849600,1656824400,79,14.2,71,0.0,0.0,0,0,164,3935,356,8545,969,457,10962,916,57,1379,122,4.4
231,A Coruña,2022-07-04,1656885600,1013,1021,5.6,13.6,7.6,1656925200,40,18.5,21.5,16.6,1656939600,1656907200,75,13.9,63,0.0,0.0,0,0,249,5971,356,8533,968,456,10952,916,57,1378,122,7.1
232,A Coruña,2022-07-05,1656972000,1014,1022,7.0,18.4,10.3,1657033200,45,19.0,22.2,16.5,1657029600,1656993600,75,14.4,61,0.0,0.0,0,0,257,6170,355,8520,968,456,10941,916,57,1376,122,6.3
233,A Coruña,2022-07-06,1657058400,1017,1025,6.3,16.0,7.7,1657126800,42,19.4,23.1,16.7,1657108800,1657080000,71,13.9,22,0.0,0.0,0,0,354,8501,354,8506,967,455,10929,916,57,1375,122,10.0
234,A Coruña,2022-07-07,1657144800,1019,1027,5.0,14.4,6.1,1657206000,40,19.3,23.1,16.7,1657188000,1657166400,73,14.2,11,0.0,0.0,0,0,350,8395,354,8491,966,455,10917,916,57,1373,122,8.7
235,A Coruña,2022-07-08,1657231200,1017,1025,2.8,14.0,4.6,1657306800,156,20.8,24.6,17.0,1657303200,1657252800,68,14.6,6,0.0,0.0,0,0,353,8475,353,8476,966,454,10904,916,57,1372,122,10.0
236,A Coruña,2022-07-09,1657317600,1012,1020,1.6,14.0,3.3,1657317600,138,24.4,32.2,18.1,1657378800,1657339200,59,15.1,10,0.0,0.0,0,0,352,8458,352,8459,965,454,10890,915,57,1370,122,9.9
237,A Coruña,2022-07-10,1657404000,1009,1017,2.1,7.2,4.2,1657450800,211,20.8,24.6,14.6,1657447200,1657486800,73,15.6,9,0.0,0.0,0,0,352,8442,352,8442,964,453,10875,915,57,1368,122,9.9
238,A Coruña,2022-07-11,1657490400,1008,1016,2.0,7.2,3.9,1657555200,219,16.7,20.1,14.5,1657551600,1657490400,89,14.8,64,0.0,0.0,0,0,335,8040,351,8424,963,452,10859,915,57,1366,122,9.0
239,A Coruña,2022-07-12,1657576800,1009,1017,1.0,10.0,1.7,1657627200,170,23.0,30.5,15.7,1657638000,1657587600,71,16.6,21,0.0,0.0,0,0,350,8406,350,8406,962,452,10842,915,57,1364,122,9.9
240,A Coruña,2022-07-13,1657663200,1010,1018,1.1,5.6,3.2,1657720800,152,23.6,28.8,18.7,1657713600,1657684800,66,16.6,34,0.0,0.0,0,0,279,6687,349,8386,961,451,10824,915,57,1361,122,8.6
241,A Coruña,2022-07-14,1657749600,1009,1017,1.7,13.6,3.7,1657828800,155,26.5,32.7,21.3,1657800000,1657832400,59,17.6,42,6.8,6.8,0,0,173,4160,349,8365,960,450,10806,915,57,1359,122,4.7
242,A Coruña,2022-07-15,1657836000,1006,1014,3.3,16.8,6.9,1657868400,198,23.9,29.2,19.3,1657882800,1657918800,67,17.0,35,5.0,5.0,0,0,249,5968,348,8344,959,449,10787,914,57,1356,122,6.0
243,A Coruña,2022-07-16,1657922400,1008,1015,1.8,7.2,4.2,1657987200,233,18.5,21.5,16.2,1657980000,1657947600,84,15.7,76,0.0,0.0,0,0,150,3598,347,8322,958,449,10767,914,56,1354,121,5.5
244,A Coruña,2022-07-17,1658008800,1007,1015,1.7,6.8,3.3,1658055600,204,18.9,24.1,15.7,1658048400,1658023200,85,16.1,40,0.0,0.0,0,0,341,8187,346,8299,956,448,10746,914,56,1351,121,9.0
245,A Coruña,2022-07-18,1658095200,1007,1015,2.4,9.2,4.4,1658145600,199,19.8,24.1,16.2,1658170800,1658098800,78,15.5,49,0.0,0.0,0,0,333,7982,345,8276,955,447,10724,914,56,1348,121,8.1
246,A Coruña,2022-07-19,1658181600,1010,1017,4.3,15.6,7.4,1658232000,219,20.1,22.2,18.1,1658242800,1658199600,72,14.8,65,0.0,0.0,0,0,205,4922,344,8251,954,446,10702,914,56,1345,121,5.3
247,A Coruña,2022-07-20,1658268000,1014,1022,3.6,12.4,7.8,1658325600,174,18.8,21.5,17.5,1658322000,1658289600,84,16.0,75,0.0,0.0,0,0,129,3098,343,8226,952,445,10679,913,56,1342,121,3.1
248,A Coruña,2022-07-21,1658354400,1012,1020,4.7,13.6,7.5,1658415600,132,18.5,20.3,17.6,1658412000,1658383200,85,16.0,64,0.0,0.0,0,0,236,5660,342,8200,951,444,10657,913,56,1338,121,6.2
249,A Coruña,2022-07-22,1658440800,1014,1022,5.2,11.6,6.7,1658494800,78,17.9,19.2,16.5,1658498400,1658473200,81,14.6,79,0.0,0.0,0,0,113,2707,341,8174,949,443,10634,913,56,1335,121,3.2
250,A Coruña,2022-07-23,1658527200,1012,1020,2.9,11.2,4.1,1658577600,206,18.9,21.5,16.2,1658574000,1658541600,76,14.6,1,0.0,0.0,0,0,339,8146,339,8146,948,442,10611,913,55,1331,121,9.6
251,A Coruña,2022-07-24,1658613600,1011,1018,2.4,8.4,4.9,1658664000,225,19.5,23.1,16.1,1658660400,1658638800,80,15.8,29,0.0,0.0,0,0,261,6271,338,8118,946,441,10590,913,55,1327,121,6.1
252,A Coruña,2022-07-25,1658700000,1014,1022,2.7,7.6,4.6,1658768400,276,20.0,22.8,17.5,1658746800,1658782800,81,16.5,48,0.0,0.0,0,0,324,7767,337,8090,945,440,10569,912,55,1323,121,7.7
253,A Coruña,2022-07-26,1658786400,1014,1022,3.3,12.0,5.9,1658854800,145,18.9,21.9,16.7,1658833200,1658808000,77,14.6,42,0.0,0.0,0,0,191,4575,336,8060,943,440,10550,912,55,1319,121,4.4
254,A Coruña,2022-07-27,1658872800,1011,1019,3.7,10.0,6.0,1658923200,199,18.7,21.3,16.6,1658923200,1658894400,76,14.2,17,0.0,0.0,0,0,278,6660,335,8030,941,439,10530,912,55,1316,121,8.0
255,A Coruña,2022-07-28,1658959200,1009,1017,2.2,8.4,6.0,1659020400,247,19.3,22.5,17.2,1659016800,1658966400,78,15.3,54,0.0,0.0,0,0,168,4030,333,8000,939,438,10509,912,55,1313,121,4.3
256,A Coruña,2022-07-29,1659045600,1012,1019,2.5,11.2,5.5,1659106800,194,19.7,22.0,18.4,1659092400,1659045600,82,16.5,77,0.0,0.0,0,0,104,2490,332,7968,937,437,10487,911,55,1310,121,3.2
257,A Coruña,2022-07-30,1659132000,1013,1021,4.4,14.0,6.6,1659186000,85,19.8,21.8,17.8,1659207600,1659157200,80,16.3,29,0.0,0.0,0,0,328,7877,331,7936,935,436,10465,911,54,1307,121,9.1
258,A Coruña,2022-07-31,1659218400,1011,1019,3.5,13.6,5.3,1659276000,140,20.6,25.3,17.6,1659261600,1659240000,77,16.3,8,0.0,0.0,0,0,329,7890,329,7903,933,435,10442,911,54,1304,121,9.2
259,A Coruña,2022-08-01,1659304800,1009,1017,2.4,13.2,4.2,1659344400,186,21.1,24.8,17.8,1659348000,1659326400,76,16.5,8,0.0,0.0,0,0,323,7751,328,7869,931,434,10418,911,54,1301,120,9.2
260,A Coruña,2022-08-02,1659391200,1007,1015,2.4,12.0,4.0,1659470400,242,20.3,24.5,17.3,1659434400,1659474000,81,16.8,15,0.0,0.0,0,0,320,7690,326,7834,929,433,10394,910,54,1298,120,8.4
261,A Coruña,2022-08-03,1659477600,1008,1016,4.3,11.2,6.0,1659535200,281,18.1,20.3,16.7,1659538800,1659502800,90,16.4,92,0.0,0.0,0,0,95,2269,325,7799,927,432,10368,910,54,1294,120,3.0
262,A Coruña,2022-08-04,1659564000,1009,1017,4.5,14.8,8.4,1659618000,111,18.5,20.4,16.8,1659600000,1659567600,86,16.2,64,0.0,0.0,0,0,188,4519,323,7763,925,431,10342,910,54,1291,120,5.3
263,A Coruña,2022-08-05,1659650400,1011,1019,7.3,18.8,9.5,1659708000,50,19.3,21.9,17.9,1659708000,1659672000,74,14.5,74,0.0,0.0,0,0,143,3439,322,7726,923,430,10315,909,54,1287,120,3.4
264,A Coruña,2022-08-06,1659736800,1010,1018,5.0,16.4,7.7,1659740400,90,21.5,26.0,18.7,1659783600,1659736800,69,15.4,37,0.0,0.0,0,0,284,6810,320,7689,920,429,10287,909,53,1283,120,7.4
265,A Coruña,2022-08-07,1659823200,1007,1015,2.3,14.4,6.1,1659891600,122,22.7,28.8,18.7,1659877200,1659848400,70,16.7,20,0.0,0.0,0,0,315,7569,319,7650,918,427,10258,909,53,1280,120,8.8
266,A Coruña,2022-08-08,1659909600,1008,1016,3.0,15.6,7.0,1659967200,208,20.1,23.1,17.5,1659956400,1659934800,73,15.2,28,0.0,0.0,0,0,311,7462,317,7611,915,426,10228,908,53,1276,120,7.1
267,A Coruña,2022-08-09,1659996000,1007,1015,2.6,14.0,4.2,1660010400,140,22.6,29.2,18.5,1660050000,1660017600,65,15.3,17,3.0,3.0,0,0,297,7136,315,7572,913,425,10197,908,53,1272,120,7.8
268,A Coruña,2022-08-10,1660082400,1006,1014,1.5,10.8,2.7,1660132800,210,19.6,22.0,17.5,1660118400,1660129200,79,15.8,30,11.0,11.0,0,0,246,5904,314,7531,910,424,10165,908,53,1267,120,6.2
269,A Coruña,2022-08-11,1660168800,1006,1014,2.1,8.4,4.8,1660226400,211,19.1,23.7,16.0,1660230000,1660194000,83,16.0,39,5.8,5.8,0,0,222,5323,312,7490,907,422,10132,907,53,1263,119,6.8
270,A Coruña,2022-08-12,1660255200,1008,1016,1.7,7.6,4.4,1660312800,174,18.8,22.5,15.2,1660312800,1660338000,83,15.8,34,0.0,0.0,0,0,275,6588,310,7448,904,421,10098,907,52,1259,119,6.1
271,A Coruña,2022-08-13,1660341600,1006,1014,2.4,8.4,5.9,1660413600,212,17.1,22.1,14.5,1660402800,1660366800,88,15.0,54,0.0,0.0,0,0,146,3500,309,7406,902,419,10062,906,52,1254,119,4.0
272,A Coruña,2022-08-14,1660428000,1005,1013,4.4,13.2,7.8,1660489200,237,20.3,23.7,17.5,1660474800,1660449600,72,14.9,42,0.0,0.0,0,0,257,6166,307,7362,899,418,10026,906,52,1250,119,5.7
273,A Coruña,2022-08-15,1660514400,1004,1011,3.8,12.8,5.5,1660568400,222,20.4,23.6,18.3,1660572000,1660597200,69,14.3,76,8.5,8.5,0,0,170,4084,305,7319,896,416,9988,906,52,1245,119,4.1
274,A Coruña,2022-08-16,1660600800,1003,1011,5.5,14.0,7.2,1660647600,249,18.0,20.2,17.0,1660647600,1660622400,87,15.9,82,6.5,6.5,0,0,161,3864,303,7274,893,415,9949,905,52,1240,119,5.8
275,A Coruña,2022-08-17,1660687200,1011,1019,4.2,12.8,6.4,1660687200,281,18.2,21.0,16.8,1660737600,1660770000,80,14.5,61,0.0,0.0,0,0,208,4983,301,7229,890,413,9909,905,51,1235,119,5.2
276,A Coruña,2022-08-18,1660773600,1015,1023,2.5,8.8,5.1,1660831200,177,18.2,21.0,15.2,1660820400,1660798800,71,12.7,30,0.0,0.0,0,0,296,7108,299,7183,886,411,9868,904,51,1230,119,8.4
277,A Coruña,2022-08-19,1660860000,1014,1021,2.2,8.8,4.6,1660932000,232,18.8,23.0,15.7,1660906800,1660885200,78,14.7,15,0.0,0.0,0,0,291,6988,297,7137,883,409,9825,904,51,1225,118,8.3
278,A Coruña,2022-08-20,1660946400,1012,1020,2.0,8.4,3.7,1661011200,210,19.4,23.0,16.7,1660993200,1660975200,84,16.6,36,0.0,0.0,0,0,159,3811,295,7090,880,408,9781,903,51,1219,118,2.8
279,A Coruña,2022-08-21,1661032800,1013,1021,2.5,8.0,4.9,1661083200,255,19.8,23.7,17.5,1661079600,1661058000,84,16.9,70,0.5,0.5,0,0,97,2331,293,7042,876,406,9736,903,51,1214,118,2.6
280,A Coruña,2022-08-22,1661119200,1012,1020,2.2,9.2,4.6,1661198400,240,19.6,23.0,17.7,1661173200,1661137200,90,17.9,85,0.3,0.3,0,0,80,1931,291,6994,873,404,9689,902,50,1208,118,2.6
281,A Coruña,2022-08-23,1661205600,1007,1015,3.0,10.8,3.9,1661277600,223,20.0,22.5,18.2,1661252400,1661227200,88,18.0,48,0.0,0.0,0,0,227,5451,289,6946,869,402,9641,901,50,1202,118,6.7
282,A Coruña,2022-08-24,1661292000,1006,1014,2.3,9.2,3.6,1661346000,320,18.9,20.0,18.5,1661346000,1661367600,96,18.3,89,0.8,0.8,0,0,78,1867,287,6897,866,400,9592,901,50,1196,118,2.7
283,A Coruña,2022-08-25,1661378400,1012,1020,3.9,12.8,6.4,1661436000,193,19.2,21.1,18.0,1661425200,1661461200,92,17.7,61,0.0,0.0,0,0,166,3973,285,6847,862,398,9542,900,50,1189,117,3.3
284,A Coruña,2022-08-26,1661464800,1010,1018,5.7,14.4,7.4,1661518800,36,19.7,23.1,17.6,1661522400,1661482800,80,16.0,65,0.0,0.0,0,0,128,3060,283,6797,858,395,9491,900,49,1183,117,3.3
285,A Coruña,2022-08-27,1661551200,1004,1012,3.5,12.4,5.3,1661558400,131,20.4,23.7,18.1,1661594400,1661551200,77,16.2,42,0.0,0.0,0,0,195,4677,281,6747,855,393,9439,899,49,1176,117,5.6
286,A Coruña,2022-08-28,1661637600,1003,1010,1.8,6.4,3.7,1661695200,207,19.3,22.7,16.0,1661684400,1661716800,81,15.8,45,0.0,0.0,0,0,240,5759,279,6697,851,391,9387,898,49,1169,117,7.3
287,A Coruña,2022-08-29,1661724000,1005,1013,1.7,8.8,4.0,1661770800,163,17.9,22.0,14.6,1661770800,1661742000,85,15.2,50,0.3,0.3,0,0,272,6518,277,6646,847,389,9336,898,48,1162,117,7.0
288,A Coruña,2022-08-30,1661810400,1010,1018,2.6,8.0,4.9,1661886000,218,19.9,23.7,17.0,1661860800,1661828400,71,14.3,60,0.0,0.0,0,0,244,5865,275,6594,843,387,9285,897,48,1155,117,6.6
289,A Coruña,2022-08-31,1661896800,1011,1019,2.0,6.8,4.5,1661950800,206,19.5,22.1,17.5,1661954400,1661925600,79,15.7,45,0.0,0.0,0,0,206,4940,273,6543,839,385,9238,896,48,1147,116,6.9
290,A Coruña,2022-09-01,1661983200,1009,1017,2.8,8.8,5.1,1662044400,220,18.9,21.2,17.2,1662040800,1662004800,84,16.2,59,0.3,0.3,0,0,141,3378,270,6492,835,383,9193,895,47,1139,116,3.8
291,A Coruña,2022-09-02,1662069600,1009,1017,2.8,8.8,4.1,1662123600,298,19.1,22.0,17.3,1662127200,1662152400,80,15.4,50,0.0,0.0,0,0,250,6010,268,6440,830,381,9150,895,47,1132,116,6.1
292,A Coruña,2022-09-03,1662156000,1006,1014,3.6,12.8,6.6,1662228000,216,19.4,24.0,16.2,1662213600,1662166800,65,12.4,27,0.0,0.0,0,0,138,3323,266,6389,826,380,9110,894,47,1125,116,2.6
293,A Coruña,2022-09-04,1662242400,1005,1013,4.1,17.6,6.8,1662303600,186,19.9,22.7,18.6,1662296400,1662242400,74,15.1,64,12.0,12.0,0,0,120,2876,264,6337,822,378,9076,893,47,1118,116,3.1
294,A Coruña,2022-09-05,1662328800,1007,1015,5.1,16.4,8.1,1662393600,201,20.8,24.5,18.2,1662386400,1662361200,71,14.9,58,47.5,47.5,0,0,226,5429,262,6286,817,377,9047,892,46,1112,115,5.7
295,A Coruña,2022-09-06,1662415200,1008,1016,5.3,16.4,8.2,1662469200,215,20.5,23.5,18.5,1662476400,1662440400,68,14.3,42,0.0,0.0,0,0,232,5560,260,6234,813,376,9017,891,46,1108,115,4.8
296,A Coruña,2022-09-07,1662501600,1007,1015,4.0,15.2,5.7,1662548400,222,20.2,24.1,17.9,1662552000,1662526800,68,14.0,67,0.5,0.5,0,0,227,5457,258,6181,808,374,8987,891,46,1103,115,5.4
297,A Coruña,2022-09-08,1662588000,1008,1016,2.4,8.0,4.2,1662591600,239,19.1,21.7,17.3,1662645600,1662670800,77,14.9,49,0.0,0.0,0,0,103,2463,255,6128,804,373,8956,890,46,1099,115,2.8
298,A Coruña,2022-09-09,1662674400,1012,1020,2.0,6.0,3.7,1662739200,186,19.0,23.2,15.1,1662732000,1662703200,73,13.8,28,0.0,0.0,0,0,247,5917,253,6075,799,372,8924,889,46,1094,115,6.5
299,A Coruña,2022-09-10,1662760800,1009,1017,1.6,6.0,3.5,1662818400,207,20.5,25.2,17.0,1662811200,1662778800,73,15.4,11,0.0,0.0,0,0,251,6014,251,6021,794,370,8891,888,45,1089,114,6.7
300,A Coruña,2022-09-11,1662847200,1004,1012,1.6,6.4,3.5,1662908400,168,21.0,25.7,17.2,1662897600,1662876000,76,16.4,39,0.8,0.8,0,0,153,3671,249,5967,790,369,8857,887,45,1084,114,4.1
301,A Coruña,2022-09-12,1662933600,997,1005,2.0,9.2,3.4,1663002000,171,22.3,25.1,20.7,1662984000,1663016400,74,17.3,59,18.5,18.5,0,0,73,1758,246,5912,785,368,8822,886,45,1079,114,2.1
302,A Coruña,2022-09-13,1663020000,993,1001,2.7,12.4,4.7,1663063200,125,20.6,22.5,19.1,1663059600,1663038000,84,17.7,72,35.8,35.8,0,0,55,1319,244,5857,781,366,8787,885,45,1074,114,2.0
303,A Coruña,2022-09-14,1663106400,998,1005,2.5,9.2,4.3,1663146000,126,21.0,24.1,18.2,1663164000,1663124400,79,17.2,86,5.3,5.3,0,0,158,3785,242,5802,776,365,8750,884,45,1069,113,2.6
304,A Coruña,2022-09-15,1663192800,1006,1014,2.8,10.0,6.1,1663254000,175,20.2,22.5,18.3,1663236000,1663275600,86,17.8,47,0.0,0.0,0,0,232,5571,239,5746,771,363,8712,883,44,1064,113,5.5
305,A Coruña,2022-09-16,1663279200,1009,1017,4.6,11.6,6.5,1663347600,47,19.4,23.0,17.5,1663333200,1663308000,76,14.9,43,0.0,0.0,0,0,220,5285,237,5690,767,361,8673,882,44,1058,113,6.3
306,A Coruña,2022-09-17,1663365600,1007,1014,2.7,12.8,4.9,1663426800,86,19.5,24.2,16.2,1663419600,1663394400,71,14.1,78,0.3,0.3,0,0,63,1502,235,5633,762,360,8633,881,44,1053,113,2.0
307,A Coruña,2022-09-18,1663452000,1005,1013,3.2,10.8,4.4,1663524000,80,19.9,24.7,16.7,1663506000,1663480800,66,13.3,66,0.0,0.0,0,0,85,2032,232,5576,757,358,8592,880,44,1047,113,2.3
308,A Coruña,2022-09-19,1663538400,1007,1015,2.1,10.4,2.7,1663621200,111,20.7,26.7,16.0,1663596000,1663563600,66,14.0,24,0.0,0.0,0,0,230,5519,230,5519,752,356,8550,879,43,1042,112,6.1
309,A Coruña,2022-09-20,1663624800,1010,1018,2.2,11.2,3.5,1663696800,125,20.4,25.7,16.6,1663686000,1663650000,65,13.2,6,0.0,0.0,0,0,227,5460,228,5462,747,354,8506,878,43,1036,112,5.7
310,A Coruña,2022-09-21,1663711200,1010,1018,2.2,11.6,4.0,1663783200,110,18.9,24.7,15.2,1663765200,1663736400,64,11.8,2,0.0,0.0,0,0,225,5404,225,5404,742,353,8461,877,43,1030,112,6.0
311,A Coruña,2022-09-22,1663797600,1010,1018,2.0,9.2,3.3,1663866000,212,17.6,21.2,14.0,1663855200,1663822800,71,12.3,44,0.0,0.0,0,0,204,4886,223,5346,737,351,8415,876,43,1024,111,5.1
312,A Coruña,2022-09-23,1663884000,1011,1019,1.9,7.6,3.4,1663948800,287,17.6,20.0,16.0,1663934400,1663912800,84,14.8,58,0.3,0.3,0,0,153,3673,220,5288,732,349,8367,875,42,1018,111,2.9
313,A Coruña,2022-09-24,1663970400,1013,1021,4.6,10.8,5.9,1663981200,295,17.1,19.2,15.8,1664020800,1663999200,76,12.9,36,0.0,0.0,0,0,207,4968,218,5230,727,347,8318,873,42,1011,111,3.8
314,A Coruña,2022-09-25,1664056800,1012,1020,2.9,11.2,4.9,1664064000,81,16.1,18.0,14.0,1664121600,1664082000,73,11.1,42,0.0,0.0,0,0,195,4678,215,5172,722,344,8267,872,42,1005,111,3.6
315,A Coruña,2022-09-26,1664143200,1012,1020,2.1,8.4,4.1,1664204400,222,16.2,19.0,14.0,1664193600,1664161200,76,11.9,46,0.0,0.0,0,0,204,4895,213,5113,717,342,8215,871,42,998,110,4.6
316,A Coruña,2022-09-27,1664229600,1013,1021,3.1,8.0,4.5,1664240400,288,17.4,20.2,15.6,1664287200,1664254800,85,14.7,61,0.0,0.0,0,0,168,4036,211,5055,712,340,8162,870,41,992,110,4.1
317,A Coruña,2022-09-28,1664316000,1010,1018,4.3,12.4,5.7,1664352000,261,16.7,18.5,15.2,1664359200,1664398800,86,14.3,81,1.5,1.5,0,0,96,2294,208,4996,706,338,8106,868,41,985,110,2.2
318,A Coruña,2022-09-29,1664402400,1005,1013,4.0,13.2,4.9,1664413200,296,16.2,18.6,15.0,1664449200,1664424000,84,13.5,69,1.3,1.3,0,0,180,4319,206,4938,701,335,8050,867,41,978,110,3.9
319,A Coruña,2022-09-30,1664488800,1011,1019,2.5,7.2,4.1,1664542800,263,16.5,19.5,12.6,1664542800,1664517600,74,11.7,36,0.5,0.5,0,0,101,2417,203,4879,696,333,7992,866,40,971,109,2.8
320,A Coruña,2022-10-01,1664575200,1016,1024,2.9,9.2,3.7,1664575200,228,18.2,20.0,17.1,1664618400,1664596800,81,14.8,88,0.0,0.0,0,0,68,1625,201,4821,690,331,7933,864,40,963,109,1.7
321,A Coruña,2022-10-02,1664661600,1017,1025,1.9,8.8,3.9,1664722800,176,18.0,21.7,15.5,1664712000,1664690400,81,14.6,65,0.0,0.0,0,0,120,2885,198,4763,685,328,7872,863,40,956,109,2.1
322,A Coruña,2022-10-03,1664748000,1013,1021,1.5,6.8,2.9,1664805600,191,18.6,23.7,15.0,1664794800,1664773200,76,14.0,54,0.0,0.0,0,0,124,2976,196,4705,679,325,7811,862,40,948,108,3.4
323,A Coruña,2022-10-04,1664834400,1014,1022,2.1,6.0,4.0,1664863200,227,16.9,20.5,13.6,1664892000,1664863200,81,13.4,67,0.0,0.0,0,0,139,3335,194,4647,674,323,7750,860,39,940,108,4.5
324,A Coruña,2022-10-05,1664920800,1015,1023,2.8,9.7,4.9,1664992800,191,16.8,20.2,14.5,1664967600,1664949600,85,14.2,69,2.0,2.0,0,0,58,1390,191,4589,668,320,7690,859,39,932,108,1.6
325,A Coruña,2022-10-06,1665007200,1018,1026,4.8,9.6,6.2,1665039600,53,18.6,22.0,16.6,1665061200,1665014400,77,14.5,49,0.0,0.0,0,0,171,4095,189,4532,663,318,7632,857,39,924,107,3.5
326,A Coruña,2022-10-07,1665093600,1014,1022,2.9,11.3,6.3,1665158400,137,16.7,18.5,15.3,1665144000,1665118800,90,15.1,75,0.0,0.0,0,0,36,874,186,4476,657,316,7579,856,38,915,107,1.5
327,A Coruña,2022-10-08,1665180000,1011,1019,4.2,10.7,5.8,1665190800,63,18.3,21.7,16.5,1665237600,1665198000,76,14.0,50,0.0,0.0,0,0,178,4269,184,4420,652,314,7533,854,38,907,107,4.7
328,A Coruña,2022-10-09,1665266400,1006,1014,2.2,5.5,3.8,1665309600,199,17.9,21.5,15.3,1665327600,1665295200,76,13.5,54,2.0,2.0,0,0,71,1700,182,4364,646,312,7487,852,38,900,106,1.6
329,A Coruña,2022-10-10,1665352800,1008,1016,1.9,5.1,3.6,1665363600,229,17.5,19.8,15.9,1665406800,1665432000,88,15.3,80,6.0,6.0,0,0,148,3559,180,4309,641,310,7440,851,37,894,106,3.0
330,A Coruña,2022-10-11,1665439200,1013,1021,2.2,7.9,4.5,1665504000,138,17.3,20.9,15.1,1665486000,1665464400,88,15.2,45,0.0,0.0,0,0,150,3599,177,4254,635,308,7393,849,37,888,106,3.3
331,A Coruña,2022-10-12,1665525600,1015,1023,1.9,6.7,3.6,1665594000,213,16.9,20.2,14.2,1665576000,1665554400,89,15.1,74,1.5,1.5,0,0,94,2267,175,4199,629,306,7345,848,37,882,105,3.4
332,A Coruña,2022-10-13,1665612000,1016,1024,2.5,7.0,4.2,1665666000,244,18.2,21.4,15.4,1665666000,1665633600,88,16.1,79,1.5,1.5,0,0,32,777,173,4144,624,304,7295,846,36,875,105,1.5
333,A Coruña,2022-10-14,1665698400,1014,1022,3.6,7.4,4.9,1665763200,224,19.9,21.6,18.7,1665748800,1665730800,79,16.1,93,0.0,0.0,0,0,134,3223,170,4090,618,302,7245,844,36,869,105,2.7
334,A Coruña,2022-10-15,1665784800,1006,1014,2.2,5.2,4.1,1665792000,200,16.8,19.1,14.7,1665792000,1665849600,89,14.9,76,21.5,21.5,0,0,24,569,168,4035,612,300,7194,842,36,862,104,1.4
335,A Coruña,2022-10-16,1665871200,1002,1010,4.1,14.2,6.3,1665910800,189,18.1,21.0,14.5,1665925200,1665878400,82,14.8,65,12.3,12.3,0,0,43,1031,166,3981,607,298,7143,841,36,856,104,1.4
336,A Coruña,2022-10-17,1665957600,1008,1016,3.2,8.3,6.8,1665964800,164,18.0,21.3,15.6,1666018800,1665979200,81,14.7,56,11.5,11.5,0,0,106,2535,164,3928,601,295,7091,839,35,849,104,3.2
337,A Coruña,2022-10-18,1666044000,1007,1014,4.0,15.2,7.1,1666090800,150,20.4,24.2,16.9,1666101600,1666054800,70,14.5,67,3.0,3.0,0,0,102,2451,161,3874,596,293,7040,837,35,842,103,3.0
338,A Coruña,2022-10-19,1666130400,1001,1009,3.8,14.3,6.5,1666170000,182,17.5,20.4,14.6,1666180800,1666155600,75,12.8,58,38.3,38.3,0,0,132,3156,159,3821,590,291,6988,835,35,835,103,3.6
339,A Coruña,2022-10-20,1666216800,995,1003,5.8,20.7,8.2,1666281600,176,17.5,21.1,15.3,1666270800,1666238400,70,12.0,54,2.0,2.0,0,0,103,2480,157,3769,584,289,6938,833,34,828,103,2.0
340,A Coruña,2022-10-21,1666303200,999,1006,5.3,15.6,8.2,1666357200,203,17.7,20.2,16.5,1666360800,1666375200,73,12.7,51,14.0,14.0,0,0,79,1897,155,3717,579,287,6890,831,34,821,102,1.8
341,A Coruña,2022-10-22,1666389600,996,1004,4.4,16.0,5.9,1666436400,168,16.6,19.3,14.8,1666432800,1666468800,76,12.4,73,12.3,12.3,0,0,69,1648,153,3666,573,285,6844,829,34,813,102,1.7
342,A Coruña,2022-10-23,1666476000,996,1004,6.0,17.1,9.5,1666519200,207,16.6,19.6,12.5,1666526400,1666494000,75,12.0,65,23.8,23.8,0,0,98,2363,151,3615,568,283,6802,828,34,806,101,2.0
343,A Coruña,2022-10-24,1666562400,1005,1013,2.6,9.2,3.9,1666576800,184,17.6,20.3,15.7,1666616400,1666587600,75,13.1,71,1.8,1.8,0,0,101,2420,149,3565,562,282,6760,826,33,799,101,2.5
344,A Coruña,2022-10-25,1666648800,1000,1008,4.1,15.0,6.9,1666710000,169,18.4,20.4,17.0,1666706400,1666656000,75,13.9,65,11.8,11.8,0,0,65,1552,146,3516,556,280,6717,824,33,794,101,1.8
345,A Coruña,2022-10-26,1666735200,1003,1011,3.4,12.5,6.1,1666789200,185,19.0,21.7,17.1,1666789200,1666767600,77,14.8,64,33.8,33.8,0,0,40,960,144,3467,551,278,6674,822,33,788,100,1.2
346,A Coruña,2022-10-27,1666821600,1003,1011,4.1,17.0,7.0,1666872000,174,20.5,23.2,18.1,1666879200,1666854000,76,16.0,79,10.0,10.0,0,0,106,2539,142,3418,545,276,6630,820,33,783,100,3.4
347,A Coruña,2022-10-28,1666908000,1007,1014,3.9,16.4,6.9,1666980000,173,18.6,21.3,15.9,1666972800,1666918800,78,14.8,71,17.3,17.3,0,0,39,939,140,3370,540,274,6586,818,32,777,100,1.2
348,A Coruña,2022-10-29,1666994400,1005,1013,3.8,16.5,6.5,1667001600,193,18.1,19.8,16.1,1667055600,1667077200,73,13.2,63,34.5,34.5,0,0,66,1589,138,3322,535,273,6541,816,32,771,99,2.4
349,A Coruña,2022-10-30,1667080800,1009,1017,2.6,7.7,4.4,1667127600,167,16.2,20.1,14.1,1667138400,1667113200,72,11.0,58,0.0,0.0,0,0,65,1624,131,3275,529,260,6496,813,31,766,99,1.9
350,A Coruña,2022-10-31,1667170800,1005,1013,4.3,15.3,8.3,1667206800,211,15.9,19.4,13.6,1667206800,1667253600,76,11.7,72,27.0,27.0,0,0,124,2968,135,3228,524,269,6450,811,32,760,98,3.3
351,A Coruña,2022-11-01,1667257200,1015,1023,3.3,10.7,6.2,1667304000,199,15.0,18.2,12.3,1667311200,1667282400,73,10.2,50,1.0,1.0,0,0,118,2830,133,3182,519,267,6404,809,31,754,98,2.2
352,A Coruña,2022-11-02,1667343600,1014,1022,2.5,7.5,4.2,1667397600,169,15.4,18.2,12.9,1667397600,1667368800,78,11.5,49,3.0,3.0,0,0,31,751,131,3137,513,265,6357,807,31,748,98,1.1
353,A Coruña,2022-11-03,1667430000,1009,1017,4.8,15.0,7.1,1667440800,254,15.6,17.5,14.3,1667476800,1667502000,71,10.3,67,5.3,5.3,0,0,112,2684,129,3092,508,263,6310,805,31,743,97,2.9
354,A Coruña,2022-11-04,1667516400,1016,1024,2.5,7.8,4.8,1667523600,262,14.7,16.8,11.5,1667563200,1667599200,67,8.7,52,0.0,0.0,0,0,51,1229,127,3047,503,261,6263,803,31,737,97,1.4
355,A Coruña,2022-11-05,1667602800,1013,1021,2.6,6.5,3.8,1667685600,176,14.0,18.2,10.1,1667656800,1667613600,74,9.3,45,2.0,2.0,0,0,71,1711,125,3004,498,259,6215,801,30,731,97,1.6
356,A Coruña,2022-11-06,1667689200,1009,1017,4.3,10.7,6.3,1667750400,218,15.9,19.0,14.4,1667739600,1667707200,79,12.2,61,22.8,22.8,0,0,113,2701,123,2961,493,257,6168,799,30,725,96,2.1
357,A Coruña,2022-11-07,1667775600,1004,1012,5.0,16.0,7.7,1667829600,191,16.8,19.1,15.0,1667826000,1667790000,68,10.7,61,3.3,3.3,0,0,88,2116,122,2919,488,255,6120,797,30,719,96,1.9
358,A Coruña,2022-11-08,1667862000,1001,1009,4.9,14.3,6.8,1667912400,217,15.6,17.4,14.2,1667908800,1667862000,75,11.2,74,4.5,4.5,0,0,82,1968,120,2877,483,253,6072,794,30,714,95,1.6
359,A Coruña,2022-11-09,1667948400,1009,1017,2.6,7.1,4.5,1667955600,194,15.9,19.6,13.7,1667995200,1667970000,81,12.6,77,2.8,2.8,0,0,72,1728,118,2837,478,251,6024,792,29,708,95,1.7
360,A Coruña,2022-11-10,1668034800,1015,1023,2.0,5.7,2.9,1668081600,176,17.1,19.9,14.5,1668085200,1668117600,77,13.0,50,0.0,0.0,0,0,62,1499,117,2797,473,249,5976,790,29,702,95,1.5
361,A Coruña,2022-11-11,1668121200,1014,1022,2.3,6.9,3.7,1668171600,139,16.4,21.7,13.0,1668171600,1668139200,69,10.2,15,0.0,0.0,0,0,115,2758,115,2758,468,247,5929,788,29,696,94,3.0
362,A Coruña,2022-11-12,1668207600,1010,1018,2.6,5.7,3.7,1668207600,164,17.0,21.9,13.8,1668261600,1668218400,61,9.4,26,0.0,0.0,0,0,111,2656,113,2720,464,245,5882,786,29,691,94,2.9
363,A Coruña,2022-11-13,1668294000,1006,1014,4.0,15.0,6.6,1668337200,178,16.5,21.4,13.1,1668340800,1668376800,73,11.5,64,28.3,28.3,0,0,78,1874,112,2682,459,243,5835,784,29,685,94,2.1
364,A Coruña,2022-11-14,1668380400,1007,1015,3.6,14.1,5.8,1668459600,203,14.1,16.9,11.3,1668463200,1668409200,76,9.9,52,4.5,4.5,0,0,32,757,110,2646,455,241,5789,782,28,679,93,1.0
